/*******************************************************************************
 * Size: 20 px
 * Bpp: 4
 * Opts: --font C:\Windows\Fonts\arial.ttf -r 0x20-0x7F,0x00C0,0x00C1,0x00C3,0x00C8,0x00C9,0x00CC,0x00CD,0x00D2,0x00D3,0x00D5,0x00D9,0x00DA,0x00DD,0x00E0,0x00E1,0x00E3,0x00E8,0x00E9,0x00EC,0x00ED,0x00F2,0x00F3,0x00F5,0x00F9,0x00FA,0x00FD,0x0102,0x0103,0x0110,0x0111,0x0128,0x0129,0x0168,0x0169,0x01A1,0x01B0,0x1EA0,0x1EA1,0x1EA2,0x1EA3,0x1EA4,0x1EA5,0x1EA6,0x1EA7,0x1EA8,0x1EA9,0x1EAA,0x1EAB,0x1EAC,0x1EAD,0x1EAE,0x1EAF,0x1EB0,0x1EB1,0x1EB2,0x1EB3,0x1EB4,0x1EB5,0x1EB6,0x1EB7,0x1EB8,0x1EB9,0x1EBA,0x1EBB,0x1EBC,0x1EBD,0x1EBE,0x1EBF,0x1EC0,0x1EC1,0x1EC2,0x1EC3,0x1EC4,0x1EC5,0x1EC6,0x1EC7,0x1EC8,0x1EC9,0x1ECA,0x1ECB,0x1ECC,0x1ECD,0x1ECE,0x1ECF,0x1ED0,0x1ED1,0x1ED2,0x1ED3,0x1ED4,0x1ED5,0x1ED6,0x1ED7,0x1ED8,0x1ED9,0x1EDA,0x1EDB,0x1EDC,0x1EDD,0x1EDE,0x1EDF,0x1EE0,0x1EE1,0x1EE2,0x1EE3,0x1EE4,0x1EE5,0x1EE6,0x1EE7,0x1EE8,0x1EE9,0x1EEA,0x1EEB,0x1EEC,0x1EED,0x1EEE,0x1EEF,0x1EF0,0x1EF1,0x1EF2,0x1EF3,0x1EF4,0x1EF5,0x1EF6,0x1EF7,0x1EF8,0x1EF9 --size 20 --bpp 4 --format lvgl -o C:\Users\Tung\Documents\ESP32\ESP32\car_nav\src\lv_font_viet_20.c
 ******************************************************************************/

#include "lvgl.h"

#ifndef LV_FONT_VIET_20
#define LV_FONT_VIET_20 1
#endif

#if LV_FONT_VIET_20

/*-----------------
 *    BITMAPS
 *----------------*/

/*Store the image of the glyphs*/
static LV_ATTRIBUTE_LARGE_CONST const uint8_t glyph_bitmap[] = {
    /* U+0020 " " */

    /* U+0021 "!" */
    0x4f, 0xe0, 0xf, 0xc6, 0xe0, 0x1, 0x6, 0x30,
    0x11, 0x1, 0x80, 0x88, 0xf, 0xc0, 0x44, 0x1a,
    0xc0, 0x1, 0x3e, 0xc0, 0x8,

    /* U+0022 "\"" */
    0x1f, 0xe0, 0xdf, 0x20, 0xf, 0x84, 0x3, 0xe1,
    0x20, 0x70, 0x20, 0x55, 0x6, 0x98, 0x2, 0x6c,
    0x1b, 0x80,

    /* U+0023 "#" */
    0x0, 0x87, 0xd4, 0x1, 0x1c, 0x1, 0x94, 0x1c,
    0x0, 0x8a, 0x1, 0xb0, 0x8, 0x0, 0x66, 0x0,
    0xc6, 0x80, 0x3, 0xc, 0xc, 0xff, 0x22, 0x3f,
    0xd8, 0x17, 0xd4, 0xec, 0xa, 0xee, 0x21, 0x79,
    0x68, 0xc0, 0x88, 0x85, 0x21, 0xc0, 0x1a, 0x24,
    0x0, 0x3d, 0x0, 0xc6, 0xa0, 0x3, 0x3, 0x0,
    0x67, 0xa2, 0x3f, 0xd8, 0x17, 0xfd, 0x4c, 0xa,
    0xee, 0x21, 0x77, 0x4b, 0x60, 0x44, 0x42, 0x91,
    0x7, 0xd, 0x2, 0x0, 0x1e, 0x80, 0x63, 0x30,
    0x0, 0x80, 0xc0, 0x32, 0xa8, 0x0, 0xe0, 0xa0,
    0x10,

    /* U+0024 "$" */
    0x0, 0xe8, 0x0, 0xfc, 0x90, 0xf0, 0x60, 0x1d,
    0x56, 0xe0, 0xf9, 0x0, 0x13, 0xaa, 0xb8, 0x34,
    0xdd, 0x40, 0x14, 0x34, 0x20, 0x5e, 0x1e, 0x0,
    0x23, 0x0, 0xc7, 0x96, 0x0, 0x22, 0x8, 0x6,
    0x31, 0x0, 0x50, 0x62, 0x0, 0x7c, 0xea, 0x56,
    0x14, 0xa0, 0x1d, 0x58, 0xc0, 0xb5, 0xa2, 0x1,
    0x8e, 0x43, 0x50, 0xac, 0x3, 0xe2, 0xb2, 0x50,
    0x18, 0x60, 0xe, 0x70, 0x23, 0x7a, 0x0, 0xe6,
    0x3, 0x22, 0x1a, 0x80, 0x48, 0x66, 0x10, 0xe0,
    0xaa, 0x5, 0x58, 0x78, 0x0, 0xf1, 0x14, 0x15,
    0x30, 0xc0, 0x23, 0xbf, 0xf, 0xb3, 0x0, 0xff,
    0xe0, 0x80,

    /* U+0025 "%" */
    0x7, 0xee, 0x50, 0x80, 0x63, 0xf3, 0x0, 0x96,
    0x1a, 0xd2, 0x80, 0x34, 0x21, 0x80, 0x5c, 0x50,
    0xb0, 0x82, 0x0, 0x34, 0x80, 0xc, 0xec, 0x0,
    0x20, 0x20, 0x7, 0xa9, 0x80, 0x67, 0x70, 0x0,
    0x40, 0x41, 0xe, 0x0, 0x3b, 0x4d, 0x46, 0x48,
    0x81, 0xc, 0x40, 0x1c, 0xcb, 0x5c, 0x3e, 0xa,
    0x76, 0x1, 0xf5, 0x76, 0xe8, 0x82, 0x18, 0x93,
    0x7f, 0xc, 0x2, 0x12, 0x0, 0x31, 0x40, 0x53,
    0x5b, 0xe8, 0x7, 0xd6, 0xe2, 0xc3, 0x29, 0x22,
    0xa0, 0x1c, 0xc5, 0x21, 0xc0, 0x40, 0x40, 0x40,
    0x1d, 0xe, 0x20, 0x1f, 0xfc, 0x7, 0x8, 0x0,
    0x70, 0x10, 0x18, 0x10, 0x6, 0x99, 0x0, 0x4e,
    0x32, 0x9e, 0x2a, 0x1, 0x40, 0x38, 0x4, 0x3a,
    0xf6, 0x18, 0x0,

    /* U+0026 "&" */
    0x0, 0xd1, 0xdf, 0x64, 0x1, 0xf5, 0xba, 0x32,
    0x60, 0x80, 0x71, 0xa2, 0xd4, 0xc0, 0xb8, 0x7,
    0x38, 0x10, 0x0, 0xc0, 0x40, 0x39, 0x41, 0xc4,
    0x3c, 0x14, 0x3, 0x86, 0x3, 0x71, 0x24, 0x80,
    0x3c, 0xa2, 0x66, 0xc6, 0x0, 0xf3, 0x68, 0x90,
    0x58, 0x7, 0x96, 0x4b, 0xbc, 0x1d, 0x7, 0xe8,
    0x1, 0x61, 0x82, 0x56, 0x15, 0x20, 0x40, 0x22,
    0x31, 0x0, 0x24, 0xb, 0x85, 0x0, 0x81, 0x0,
    0x67, 0x30, 0x22, 0x0, 0x10, 0x60, 0x2, 0x73,
    0x2, 0x90, 0x4, 0x8b, 0xed, 0x6c, 0x15, 0x8b,
    0x48, 0x17, 0xa9, 0xa8, 0x3e, 0xa6, 0x15, 0x0,
    0x6, 0xbb, 0xf6, 0x0, 0x5, 0xa6,

    /* U+0027 "'" */
    0x2f, 0xe0, 0x8, 0xc0, 0xc4, 0x18, 0xc, 0xc1,
    0xd2,

    /* U+0028 "(" */
    0x0, 0xaa, 0x80, 0x4, 0x58, 0x0, 0x53, 0x10,
    0x30, 0xd0, 0x2, 0xc8, 0xc0, 0x88, 0xa0, 0x4,
    0xd, 0x0, 0x78, 0x38, 0x0, 0x80, 0xc0, 0xe,
    0x2, 0x0, 0x70, 0x10, 0x1, 0x1, 0x80, 0x3c,
    0x1c, 0x0, 0x81, 0x80, 0x2, 0x22, 0x0, 0x56,
    0x46, 0x0, 0x61, 0xa0, 0xa, 0xd8, 0x80, 0xa,
    0xa8,

    /* U+0029 ")" */
    0x8c, 0x0, 0xa0, 0x9c, 0x2, 0x88, 0x8, 0x1,
    0xc2, 0x40, 0x2, 0x8c, 0x1, 0x68, 0xa8, 0x1,
    0x3, 0x0, 0x4, 0xa, 0x1, 0x8, 0x80, 0x31,
    0x80, 0x42, 0x1, 0xc4, 0x0, 0x30, 0x50, 0x2,
    0x86, 0x0, 0x34, 0x54, 0x5, 0x18, 0x0, 0xc1,
    0x20, 0x9, 0x81, 0x8, 0x27, 0x0, 0x0,

    /* U+002A "*" */
    0x0, 0xb6, 0x0, 0x32, 0x0, 0xf0, 0xa0, 0x1d,
    0xe8, 0xd7, 0x50, 0x1e, 0xa9, 0x12, 0x70, 0x0,
    0x48, 0xa1, 0xc4, 0x0, 0x53, 0xbb, 0x30, 0x80,
    0x17, 0x85, 0x7c, 0x40,

    /* U+002B "+" */
    0x0, 0xd9, 0x0, 0x1f, 0x8c, 0x80, 0x3f, 0xf9,
    0x95, 0x77, 0x2, 0x5d, 0xcc, 0x89, 0x80, 0x51,
    0x2f, 0xef, 0xf8, 0x17, 0xfe, 0x90, 0xf, 0xfe,
    0x90,

    /* U+002C "," */
    0x1, 0x3, 0xec, 0x0, 0x8e, 0xdc, 0x38, 0xc8,
    0x20,

    /* U+002D "-" */
    0x4d, 0xde, 0x1, 0x22, 0xe0,

    /* U+002E "." */
    0x1, 0x11, 0xf6, 0x0, 0x40,

    /* U+002F "/" */
    0x0, 0xde, 0xc0, 0x12, 0x2, 0x0, 0x58, 0x44,
    0x0, 0x95, 0x0, 0x21, 0x2c, 0x0, 0x90, 0x14,
    0x2, 0xf3, 0x0, 0xc9, 0x60, 0x11, 0x8a, 0x0,
    0x48, 0x26, 0x1, 0x5a, 0x0, 0x63, 0xc0, 0x9,
    0x1, 0xc0, 0x2d, 0x21, 0x0, 0x91, 0x40, 0x30,

    /* U+0030 "0" */
    0x0, 0x9f, 0x7f, 0x5c, 0x3, 0xaa, 0x5, 0xc6,
    0x28, 0x2, 0x45, 0x56, 0x46, 0x2a, 0x90, 0x1,
    0xe1, 0x0, 0x15, 0x87, 0x0, 0x14, 0x48, 0x2,
    0x12, 0x40, 0x11, 0x28, 0x7, 0x30, 0x88, 0xc0,
    0x40, 0x38, 0x40, 0xc0, 0x3f, 0xf9, 0x26, 0x60,
    0x10, 0xe, 0x10, 0x11, 0x98, 0x3, 0x98, 0x40,
    0x8, 0x42, 0x1, 0x9, 0x20, 0x3, 0x82, 0xc0,
    0x2b, 0xe, 0x0, 0x22, 0x17, 0x23, 0x15, 0x48,
    0x1, 0x5b, 0x8b, 0x8c, 0x50, 0x0,

    /* U+0031 "1" */
    0x0, 0x87, 0x9c, 0x2, 0xd1, 0x0, 0xe, 0x18,
    0x1, 0xbc, 0xd0, 0x1, 0x67, 0x7c, 0x0, 0x9d,
    0x40, 0x9, 0x0, 0x3f, 0xfd, 0x20,

    /* U+0032 "2" */
    0x0, 0xc, 0xf7, 0xf5, 0x10, 0x4, 0x3e, 0xca,
    0xea, 0xac, 0x20, 0x4, 0xc, 0x5c, 0x5d, 0xc,
    0x80, 0x1c, 0x5c, 0x2, 0x52, 0x40, 0x4, 0x40,
    0x3, 0xf9, 0x98, 0x1, 0x88, 0xa0, 0xf, 0xd2,
    0x16, 0x1, 0xf4, 0xa2, 0x18, 0x3, 0xd2, 0xc7,
    0x60, 0x1e, 0xb6, 0x4c, 0x0, 0xe1, 0xc4, 0x5b,
    0x0, 0xf6, 0x9b, 0xd0, 0x7, 0xa0, 0xda, 0x0,
    0x3c, 0x2e, 0xb, 0x99, 0xe0, 0x40, 0x1, 0x9f,
    0xc2,

    /* U+0033 "3" */
    0x0, 0xc, 0xef, 0xeb, 0x80, 0x61, 0xc6, 0x77,
    0xc, 0x58, 0x5, 0x5, 0x35, 0x18, 0xa8, 0x80,
    0x1, 0x93, 0x0, 0x5e, 0x6, 0x0, 0xad, 0x0,
    0xda, 0x4, 0x1, 0xe3, 0x87, 0x35, 0x0, 0xe9,
    0xc7, 0x1e, 0x0, 0xf6, 0xd4, 0xe, 0xa0, 0x7,
    0x22, 0xbe, 0x4, 0x80, 0x7e, 0x33, 0x10, 0x83,
    0x28, 0x7, 0x38, 0x10, 0x4d, 0x80, 0x72, 0x81,
    0x82, 0x8b, 0x80, 0x50, 0x2a, 0x0, 0xb1, 0x8b,
    0x9c, 0x72, 0xb0, 0x0, 0xfb, 0x2b, 0xb, 0xe8,
    0x80,

    /* U+0034 "4" */
    0x0, 0xf4, 0x79, 0x80, 0x7c, 0x6e, 0x1, 0xfd,
    0xc0, 0x1f, 0xd0, 0x48, 0x1, 0xf1, 0x3b, 0x8c,
    0x3, 0xee, 0x28, 0x0, 0xf9, 0xcf, 0x80, 0x3e,
    0x28, 0x63, 0x0, 0xfb, 0x86, 0x40, 0x3e, 0x63,
    0xa0, 0xf, 0xd4, 0x17, 0xff, 0x38, 0x67, 0x92,
    0x2a, 0xf1, 0x2, 0x29, 0xc5, 0x57, 0x28, 0x45,
    0x8, 0x7, 0xff, 0x28,

    /* U+0035 "5" */
    0x0, 0x47, 0xff, 0xa8, 0x2, 0x30, 0x44, 0xed,
    0x0, 0x94, 0xee, 0xf9, 0xc0, 0x2, 0x25, 0x0,
    0xfc, 0xa1, 0xe0, 0x1f, 0x8c, 0x6, 0xfb, 0x94,
    0x40, 0x16, 0x84, 0x3a, 0x1a, 0xe9, 0x80, 0x4,
    0x2f, 0x2b, 0x60, 0x38, 0x1, 0x7e, 0x80, 0x13,
    0x91, 0x40, 0x1f, 0x90, 0x18, 0x8, 0x80, 0x1c,
    0x60, 0x1, 0xdc, 0x0, 0xe7, 0x5, 0x14, 0x16,
    0x0, 0x9c, 0x94, 0x42, 0x46, 0x6e, 0x32, 0xa,
    0xc0, 0x5, 0x8a, 0xa7, 0x27, 0xd1, 0x0,

    /* U+0036 "6" */
    0x0, 0x97, 0x3f, 0xa8, 0x80, 0x34, 0x50, 0xba,
    0x2e, 0x90, 0x0, 0xdc, 0xf6, 0x2a, 0xc2, 0x0,
    0x12, 0x1c, 0x1, 0x23, 0x10, 0x1, 0xc, 0x80,
    0x34, 0xc0, 0x8, 0x94, 0xaf, 0xfd, 0x44, 0x0,
    0x20, 0x2d, 0x55, 0x1a, 0xe1, 0x0, 0x48, 0xbd,
    0x59, 0x3, 0x20, 0x1a, 0xc0, 0x27, 0x24, 0x1,
    0x2, 0x10, 0xc, 0xe0, 0x44, 0x0, 0xff, 0x8c,
    0x84, 0x3, 0x38, 0x10, 0x48, 0x58, 0x4, 0xc4,
    0xc0, 0x5, 0x5b, 0x62, 0xe4, 0xa0, 0x2, 0xa9,
    0x7, 0x56, 0xc1, 0x0,

    /* U+0037 "7" */
    0xf, 0xff, 0xe3, 0x3, 0x3f, 0x80, 0x4, 0x19,
    0x9e, 0x50, 0x91, 0x0, 0xf2, 0x32, 0x30, 0x7,
    0xd2, 0x12, 0x1, 0xf3, 0x13, 0x90, 0x7, 0xd0,
    0x12, 0x1, 0xf2, 0x8b, 0x8, 0x7, 0xdc, 0x14,
    0x1, 0xf9, 0x8, 0xc0, 0x3e, 0x50, 0x50, 0xf,
    0xd8, 0x18, 0x1, 0xf9, 0x41, 0x40, 0x3f, 0x10,
    0x88, 0x3, 0xf0, 0x90, 0x7, 0x80,

    /* U+0038 "8" */
    0x0, 0xa3, 0xbf, 0xa4, 0x40, 0x36, 0x39, 0x3a,
    0xb6, 0x0, 0x4a, 0x6d, 0x91, 0x6c, 0x4c, 0x0,
    0xc0, 0xa0, 0xa, 0x83, 0xc0, 0x2, 0xa, 0x1,
    0x30, 0x8, 0x2, 0x82, 0x18, 0x96, 0xc6, 0x40,
    0x5, 0x87, 0x3b, 0x41, 0x82, 0x0, 0x18, 0x27,
    0x97, 0x1c, 0x20, 0x5, 0xa5, 0xc3, 0x46, 0xf,
    0x0, 0x14, 0xd0, 0x2, 0x34, 0x31, 0x20, 0x60,
    0xe, 0x20, 0x23, 0x7, 0x0, 0xe5, 0x2, 0x14,
    0x26, 0x0, 0x94, 0xcc, 0x21, 0x23, 0x37, 0x17,
    0x43, 0xc0, 0x2, 0xf6, 0x57, 0x56, 0xf2, 0x0,

    /* U+0039 "9" */
    0x0, 0xc, 0xf7, 0xe3, 0x0, 0x61, 0xf6, 0x26,
    0x9, 0xa0, 0xa, 0xc5, 0xf2, 0x71, 0xd5, 0x40,
    0x5, 0x18, 0x0, 0xa0, 0x64, 0x8, 0x14, 0x3,
    0x88, 0xc0, 0x3f, 0xe2, 0x20, 0xa0, 0x80, 0x44,
    0x60, 0x20, 0xc1, 0xa6, 0x7, 0xe0, 0x1a, 0x14,
    0xf3, 0xf1, 0x9c, 0x3, 0x55, 0xbb, 0xae, 0xc2,
    0x4, 0x1, 0x24, 0x41, 0x1, 0x4, 0x41, 0x58,
    0x1, 0x88, 0x88, 0x0, 0x23, 0x40, 0xb, 0x82,
    0x0, 0x12, 0x37, 0x31, 0xa7, 0x4, 0x0, 0x1c,
    0x57, 0x70, 0xd3, 0x80, 0x0,

    /* U+003A ":" */
    0x3f, 0xd0, 0x8, 0xfb, 0x0, 0x44, 0x1, 0xff,
    0xc1, 0x11, 0x1f, 0x60, 0x4,

    /* U+003B ";" */
    0x3f, 0xc0, 0x8, 0xfb, 0x0, 0x40, 0x3f, 0xf8,
    0x42, 0x7, 0xd8, 0x1, 0x1d, 0xb8, 0x71, 0x90,
    0x40,

    /* U+003C "<" */
    0x0, 0xfe, 0x20, 0xf, 0x9b, 0x6c, 0x3, 0x14,
    0x7c, 0x9e, 0x0, 0xe, 0xb5, 0xce, 0xb9, 0x55,
    0x98, 0x55, 0x66, 0x14, 0x1, 0x66, 0xbd, 0x46,
    0x1, 0x90, 0x16, 0x90, 0x3, 0xab, 0x59, 0x2f,
    0x58, 0x3, 0x14, 0xf4, 0x1c, 0xfc, 0x10, 0x4,
    0x2f, 0xd4, 0x6f, 0x60, 0x1e, 0x5c, 0xc8,

    /* U+003D "=" */
    0xef, 0xff, 0xd2, 0xe8, 0x9f, 0xbe, 0x6e, 0xff,
    0x30, 0x7, 0xfa, 0xae, 0xff, 0x32, 0x27, 0xf7,
    0x80,

    /* U+003E ">" */
    0x20, 0xf, 0xec, 0xb4, 0x0, 0xf9, 0xd2, 0xf5,
    0x80, 0x3a, 0x7a, 0xe, 0x7a, 0x4, 0x2, 0x17,
    0xea, 0x27, 0xea, 0x20, 0xc, 0xb9, 0x82, 0x5b,
    0x0, 0xe6, 0xe2, 0xc, 0x0, 0x14, 0x7c, 0x84,
    0x7a, 0xa5, 0xeb, 0x9d, 0x6b, 0x80, 0x29, 0x17,
    0x30, 0xa0, 0x1a, 0x7a, 0x8c, 0x3, 0xc0,

    /* U+003F "?" */
    0x0, 0xc, 0xf7, 0xf5, 0x10, 0x4, 0x3e, 0xca,
    0xea, 0xad, 0x30, 0x4, 0xb, 0xdc, 0x5c, 0x87,
    0x80, 0x1c, 0x20, 0x2, 0x62, 0x31, 0xb, 0xa0,
    0xe, 0x60, 0x9, 0x54, 0x1, 0x8d, 0xc, 0x40,
    0x3c, 0x7a, 0x1e, 0x1, 0xe2, 0xd1, 0xb3, 0x0,
    0xf7, 0x8d, 0xa0, 0x7, 0x8c, 0x99, 0x0, 0x3e,
    0x50, 0xc0, 0xf, 0xc9, 0x48, 0x1, 0xf8, 0x90,
    0x40, 0x3f, 0x47, 0x40, 0x7, 0xff, 0xc,

    /* U+0040 "@" */
    0x0, 0xe2, 0x8c, 0xef, 0xf6, 0xca, 0x0, 0x7f,
    0x4e, 0xb8, 0x34, 0x33, 0x57, 0x61, 0x0, 0xe1,
    0xc6, 0x67, 0x64, 0x3c, 0xdf, 0x42, 0x78, 0x80,
    0x6a, 0x3a, 0x91, 0x0, 0xe1, 0x7c, 0x1a, 0x0,
    0x99, 0x29, 0x40, 0xab, 0xb8, 0xe1, 0xd8, 0x74,
    0x8a, 0x0, 0x85, 0x50, 0x1e, 0x2b, 0xba, 0x28,
    0x54, 0x14, 0xb8, 0x10, 0x64, 0x1, 0xa1, 0xb3,
    0x2b, 0x50, 0xf0, 0x2, 0xa0, 0x69, 0x18, 0x38,
    0xc1, 0x0, 0x10, 0x81, 0x40, 0x1c, 0x2, 0xae,
    0x0, 0xa0, 0x60, 0xc, 0x20, 0x60, 0x18, 0x44,
    0x40, 0x24, 0x80, 0x1c, 0x46, 0x1, 0x78, 0x81,
    0x80, 0xc, 0x4, 0x3, 0x10, 0xa8, 0x4, 0xce,
    0x4, 0x40, 0x30, 0x60, 0xd, 0x1, 0xe0, 0x9,
    0xb, 0x5, 0x40, 0x13, 0x32, 0x0, 0x21, 0x40,
    0x82, 0x1a, 0x8, 0x34, 0x50, 0x20, 0x2f, 0x35,
    0xcc, 0x27, 0x5d, 0xe0, 0x2, 0x14, 0x82, 0x51,
    0x1b, 0x6f, 0x91, 0x6, 0xa0, 0x4c, 0x42, 0x4a,
    0xc5, 0x77, 0xec, 0x8f, 0x7f, 0x14, 0x73, 0x6,
    0x9, 0x29, 0xec, 0x20, 0x1e, 0x17, 0xe3, 0xc2,
    0x0, 0x36, 0x1c, 0xf6, 0x54, 0x42, 0xb3, 0xa1,
    0x3c, 0xc0, 0x31, 0xee, 0x38, 0x23, 0xb9, 0x1,
    0xf6, 0xc4, 0x0,

    /* U+0041 "A" */
    0x0, 0xf5, 0xfd, 0x80, 0x7f, 0xc2, 0x80, 0x82,
    0x1, 0xfe, 0x60, 0x80, 0x60, 0xf, 0xf5, 0xb,
    0x85, 0x0, 0x7f, 0x11, 0x10, 0x14, 0x90, 0x3,
    0xf5, 0x7, 0x87, 0x7, 0x0, 0x7e, 0x60, 0x50,
    0x41, 0x51, 0x0, 0xf2, 0xa, 0x80, 0x4e, 0xc,
    0x1, 0xee, 0xe, 0x0, 0xa8, 0x28, 0x3, 0xca,
    0x17, 0xff, 0x60, 0x11, 0x80, 0x66, 0x3, 0x66,
    0xe4, 0xa, 0x0, 0xd4, 0x1f, 0x33, 0xd4, 0xc,
    0x1, 0x9, 0x91, 0x80, 0x70, 0xa0, 0x30, 0x1,
    0x81, 0x40, 0x3e, 0xe0, 0xa0, 0x5, 0x5, 0x0,
    0x7c, 0xa2, 0x64,

    /* U+0042 "B" */
    0x8f, 0xff, 0x6b, 0x80, 0x71, 0x19, 0xc4, 0x48,
    0xb0, 0xd, 0x19, 0x96, 0xf1, 0xa2, 0x0, 0x3f,
    0xc, 0x86, 0x0, 0x7f, 0xde, 0x1, 0xf8, 0x64,
    0x14, 0x2, 0x8c, 0xcd, 0xc5, 0x64, 0x1, 0x11,
    0x9e, 0x1, 0xd0, 0xd, 0x5f, 0xfb, 0x11, 0xa8,
    0x3, 0xf1, 0xd8, 0xa8, 0x80, 0x7f, 0x28, 0x10,
    0x7, 0xf3, 0x0, 0x80, 0x7e, 0x72, 0x28, 0x1,
    0x19, 0x9b, 0xa0, 0x24, 0x2, 0x23, 0x3c, 0xb,
    0x88, 0x0,

    /* U+0043 "C" */
    0x0, 0x8e, 0x77, 0xfd, 0x8c, 0x1, 0xd1, 0x8c,
    0x8, 0x66, 0x9b, 0x0, 0xa1, 0xcb, 0x36, 0xf3,
    0x8d, 0x24, 0x9, 0xc7, 0xc, 0x2, 0x1d, 0x6,
    0x1a, 0x9, 0x10, 0xe, 0x19, 0x80, 0x40, 0x50,
    0xf, 0x99, 0xc4, 0x80, 0x80, 0x3f, 0xc2, 0x1,
    0xff, 0xc0, 0x10, 0xf, 0xfe, 0x1, 0x1, 0x80,
    0x7c, 0x24, 0x16, 0x8, 0x1, 0xf4, 0xeb, 0xa8,
    0x48, 0x80, 0x70, 0xb0, 0x29, 0x38, 0xe1, 0x80,
    0x45, 0xa2, 0xa4, 0x10, 0xa5, 0x9b, 0x7b, 0xa3,
    0x4a, 0x0, 0xaa, 0xd0, 0x10, 0x8e, 0x6c, 0x0,

    /* U+0044 "D" */
    0x7f, 0xff, 0x6c, 0x90, 0x7, 0x11, 0x9e, 0x26,
    0xd4, 0x0, 0xd5, 0x99, 0xbe, 0x2, 0xc8, 0x3,
    0xf9, 0xdc, 0x10, 0x1, 0xfe, 0x80, 0x50, 0xf,
    0xf9, 0x0, 0xc0, 0x3f, 0xc4, 0xe, 0x1, 0xff,
    0xc0, 0x10, 0xf, 0xf1, 0x80, 0x80, 0x7f, 0x98,
    0x18, 0x3, 0xf8, 0x4c, 0x8, 0x3, 0xfa, 0x41,
    0x80, 0x3f, 0x9d, 0xc1, 0x0, 0x15, 0x66, 0x6f,
    0x80, 0xb1, 0x0, 0x88, 0xcf, 0x13, 0x6a, 0x0,
    0x0,

    /* U+0045 "E" */
    0x6f, 0xff, 0xf0, 0x4, 0x46, 0x7f, 0x20, 0x5,
    0x59, 0x9f, 0x58, 0x7, 0xff, 0x6e, 0xb3, 0x3e,
    0x40, 0x8, 0x8c, 0xfe, 0x20, 0xa, 0x3f, 0xfe,
    0x60, 0xf, 0xff, 0x3d, 0x66, 0x7e, 0x30, 0x1,
    0x19, 0xfe, 0x70,

    /* U+0046 "F" */
    0x5f, 0xff, 0xe4, 0x0, 0x9, 0x9f, 0xce, 0x0,
    0x6c, 0xcf, 0x8c, 0x3, 0xff, 0xae, 0xd9, 0x9e,
    0x30, 0x8, 0x4c, 0xfc, 0xe0, 0x13, 0xff, 0xf9,
    0x0, 0x3f, 0xfe, 0xe0,

    /* U+0047 "G" */
    0x0, 0x86, 0x33, 0xbf, 0xa8, 0xc0, 0x39, 0x79,
    0xc9, 0x50, 0xd7, 0x20, 0x2, 0x5a, 0x1a, 0xeb,
    0xb6, 0xe1, 0x3a, 0x80, 0x2c, 0x35, 0x40, 0x31,
    0xf8, 0x40, 0x28, 0xa9, 0x80, 0x78, 0x9e, 0x83,
    0xc3, 0x80, 0x3f, 0x43, 0x83, 0x82, 0x80, 0x7f,
    0xc6, 0x2, 0x1, 0xa2, 0xef, 0x8c, 0xc0, 0x20,
    0x19, 0x13, 0xcc, 0xc0, 0x50, 0xd, 0x9f, 0xf3,
    0x80, 0x34, 0x38, 0x3, 0xfe, 0x71, 0x54, 0x0,
    0xf8, 0x40, 0x3, 0x41, 0x6e, 0x20, 0x11, 0xd3,
    0x0, 0x82, 0x50, 0xc7, 0x6e, 0x76, 0x28, 0xda,
    0x0, 0x17, 0xe0, 0xce, 0x4, 0x9e, 0x40,

    /* U+0048 "H" */
    0x6f, 0x80, 0xf, 0xf, 0xe8, 0x7, 0xff, 0xc9,
    0xb3, 0x3d, 0xa0, 0x18, 0x4c, 0xfe, 0x0, 0xcf,
    0xff, 0xee, 0x0, 0xff, 0xff, 0x0,

    /* U+0049 "I" */
    0x2f, 0xc0, 0xf, 0xfe, 0xf0,

    /* U+004A "J" */
    0x0, 0xf3, 0xfb, 0x80, 0x7f, 0xff, 0xc0, 0x3c,
    0x72, 0x60, 0x1c, 0x2c, 0xc5, 0x0, 0xbc, 0xd,
    0xc2, 0xc4, 0x5, 0x81, 0xc9, 0xb, 0xf3, 0x85,
    0x48, 0x2d, 0x80, 0xca, 0x28, 0x0,

    /* U+004B "K" */
    0x8f, 0x50, 0xe, 0x1e, 0xf8, 0x0, 0xfc, 0x38,
    0x2f, 0x0, 0x1f, 0xe, 0x13, 0xc0, 0x7, 0xc3,
    0xa4, 0xd0, 0x1, 0xfb, 0x4d, 0xa4, 0x3, 0xf6,
    0x1b, 0x48, 0x7, 0xc7, 0x66, 0x18, 0x1, 0xfa,
    0x11, 0x1, 0x62, 0x1, 0xf0, 0xb5, 0xb0, 0xd0,
    0x7, 0xcb, 0x21, 0x24, 0x8c, 0x1, 0xef, 0x0,
    0xb8, 0x24, 0x80, 0x3f, 0x8d, 0xc3, 0x80, 0x3f,
    0xd0, 0x47, 0x0, 0x1f, 0xee, 0x7, 0x40, 0xf,
    0xe3, 0x70, 0xa1,

    /* U+004C "L" */
    0x8f, 0x50, 0xf, 0xff, 0xf8, 0x7, 0xff, 0xaa,
    0x33, 0x3c, 0x80, 0x2, 0x33, 0xf1, 0x0,

    /* U+004D "M" */
    0x8f, 0xf4, 0x0, 0x7d, 0x3f, 0xe2, 0x0, 0x94,
    0x3, 0xe7, 0x0, 0xe1, 0x22, 0x0, 0x71, 0x88,
    0x7, 0x38, 0x28, 0x7, 0x58, 0x20, 0x6, 0xc1,
    0xb0, 0xe, 0x65, 0x10, 0xe, 0x43, 0x10, 0x8,
    0xc7, 0xc0, 0x3d, 0xc0, 0xe0, 0x15, 0x82, 0x80,
    0x79, 0x3, 0x40, 0x25, 0x50, 0x7, 0xe5, 0x41,
    0x3, 0x2f, 0x0, 0xfd, 0xe0, 0x81, 0x60, 0xa0,
    0x1f, 0x94, 0x3c, 0x15, 0x40, 0x1f, 0xe5, 0x51,
    0x97, 0x80, 0x7f, 0xbc, 0x3c, 0x14, 0x3, 0xfc,
    0xa0, 0x6a, 0x1, 0xff, 0xc0, 0x40, 0xf0, 0xf,
    0x0,

    /* U+004E "N" */
    0x7f, 0xc0, 0xf, 0xbf, 0x0, 0x6, 0xc0, 0x1f,
    0xf4, 0x88, 0x7, 0xf1, 0x85, 0x0, 0x7f, 0x49,
    0x22, 0x80, 0x7f, 0x70, 0x58, 0x80, 0x7e, 0x36,
    0x18, 0x0, 0xfe, 0x91, 0x64, 0x0, 0xfe, 0xa0,
    0x90, 0xf, 0xe4, 0x52, 0x80, 0xf, 0xeb, 0x17,
    0x30, 0xf, 0xc3, 0x1, 0xe0, 0x1f, 0xcc, 0x86,
    0x1, 0xfe, 0x90, 0xf, 0xf8, 0xa0, 0x0,

    /* U+004F "O" */
    0x0, 0xc5, 0x3b, 0xfd, 0x8c, 0x1, 0xf3, 0xeb,
    0x1a, 0x11, 0xce, 0x90, 0x6, 0x78, 0x1b, 0xeb,
    0xce, 0x72, 0xc1, 0x0, 0x14, 0xf, 0xa0, 0x4,
    0x30, 0xe3, 0x40, 0xa, 0x9, 0x10, 0xf, 0x40,
    0xa0, 0x82, 0x2, 0x80, 0x7e, 0x70, 0x70, 0x30,
    0x20, 0xf, 0xde, 0x1c, 0x1, 0xff, 0xc0, 0x30,
    0x20, 0xf, 0xfe, 0x11, 0x1, 0x81, 0x0, 0x7e,
    0xd0, 0xe0, 0x40, 0x50, 0xf, 0xca, 0x8, 0x12,
    0x12, 0x40, 0x1e, 0x72, 0x42, 0x1, 0x91, 0xc4,
    0x0, 0xd1, 0x0, 0x90, 0x9, 0xa4, 0x6f, 0x6e,
    0xde, 0xe5, 0x84, 0x1, 0x9b, 0x58, 0x11, 0x4e,
    0x74, 0xc0, 0x0,

    /* U+0050 "P" */
    0x7f, 0xff, 0x76, 0x28, 0x6, 0x23, 0x3f, 0x53,
    0x80, 0x55, 0x99, 0xb6, 0xc2, 0x4, 0x3, 0xf2,
    0x28, 0x20, 0x7, 0xf1, 0x1, 0x0, 0x7f, 0x18,
    0x10, 0x7, 0xe5, 0x40, 0x40, 0x5, 0x66, 0x6e,
    0xa0, 0x91, 0x0, 0x11, 0x9e, 0x4, 0xb6, 0x0,
    0xa3, 0xff, 0x75, 0xa0, 0x7, 0xff, 0xc8,

    /* U+0051 "Q" */
    0x0, 0xc7, 0x3b, 0xfd, 0x6c, 0x1, 0xf4, 0x63,
    0x2, 0x12, 0x4e, 0x90, 0x6, 0x87, 0x2c, 0xdb,
    0xce, 0x52, 0xc0, 0x8, 0xdc, 0x70, 0xc0, 0x21,
    0xa6, 0x19, 0x0, 0x50, 0x58, 0x80, 0x7a, 0x1,
    0x80, 0xe, 0xa, 0x1, 0xf0, 0xa8, 0x28, 0x8,
    0x80, 0x3f, 0xb4, 0x8, 0x40, 0xc0, 0x3f, 0x84,
    0x3c, 0x40, 0xc0, 0x3f, 0x84, 0x3c, 0x4, 0x40,
    0x1f, 0xda, 0x4, 0xe, 0xa, 0x1, 0x88, 0x2,
    0x40, 0x40, 0xa0, 0xb1, 0x0, 0xb7, 0xe, 0x45,
    0x84, 0xd, 0xc7, 0xc, 0x1, 0x23, 0x8c, 0x30,
    0x1, 0x43, 0x96, 0x6d, 0xd1, 0x0, 0x8, 0xc0,
    0x34, 0x62, 0x82, 0x12, 0x55, 0xb, 0x60, 0x3,
    0x1d, 0x6f, 0xf5, 0xaa, 0xbd, 0xf8,

    /* U+0052 "R" */
    0x6f, 0xff, 0xba, 0x88, 0x3, 0x8d, 0x57, 0x20,
    0x2e, 0x90, 0x6, 0xba, 0xad, 0x7c, 0xa1, 0x0,
    0x1f, 0xf5, 0x82, 0x0, 0x7f, 0xc2, 0x2, 0x1,
    0xff, 0x18, 0x18, 0x7, 0xf0, 0xa6, 0x84, 0x80,
    0x68, 0xff, 0xdd, 0x62, 0xea, 0x1, 0x89, 0x10,
    0x60, 0x6, 0xd8, 0x0, 0xea, 0xbb, 0x66, 0x8b,
    0x38, 0x7, 0xf8, 0xb4, 0x28, 0xc0, 0x3f, 0xc7,
    0x1, 0xa0, 0x1f, 0xf3, 0x98, 0xc8, 0x7, 0xfd,
    0xc0, 0xc6, 0x1, 0xfe, 0x27, 0xe, 0x0,

    /* U+0053 "S" */
    0x0, 0x92, 0xfb, 0xfa, 0xd4, 0x3, 0xa2, 0xd0,
    0xce, 0x4a, 0xa0, 0x4, 0x6e, 0x5b, 0xac, 0xdd,
    0x12, 0xa8, 0x0, 0x81, 0x4, 0x1, 0x17, 0x7,
    0x0, 0x63, 0x0, 0xe3, 0x8e, 0x0, 0x28, 0x4b,
    0x88, 0x6, 0x75, 0x0, 0x14, 0x84, 0x76, 0xca,
    0x80, 0x79, 0xb5, 0xc8, 0x8d, 0x5e, 0xe0, 0x1c,
    0x51, 0xbd, 0x4a, 0x11, 0x20, 0x1f, 0xa, 0xd6,
    0x8b, 0x8, 0x7e, 0x0, 0x78, 0x9c, 0x14, 0x8,
    0xcc, 0x1, 0xe2, 0x6, 0xb, 0xd, 0x50, 0xc,
    0xe8, 0x64, 0xc, 0xc1, 0xae, 0xcc, 0x7c, 0xf,
    0x0, 0x53, 0x6a, 0x67, 0x13, 0xf9, 0x0,

    /* U+0054 "T" */
    0x8f, 0xff, 0xf6, 0xf1, 0x9e, 0x0, 0x19, 0xe4,
    0x6c, 0xcc, 0x41, 0xb9, 0x94, 0x80, 0x7f, 0xff,
    0xc0, 0x3f, 0xff, 0x20,

    /* U+0055 "U" */
    0x6f, 0x70, 0xf, 0xf, 0xe8, 0x7, 0xff, 0xfc,
    0x3, 0xff, 0x92, 0x61, 0xe0, 0x1f, 0x84, 0x40,
    0x20, 0x1e, 0x20, 0x75, 0x7, 0x0, 0xf5, 0x86,
    0xa, 0xd, 0x8, 0x4, 0xae, 0xc, 0x12, 0x4b,
    0xdb, 0x9d, 0x41, 0x42, 0x5, 0x8e, 0x46, 0x72,
    0xe2, 0x80,

    /* U+0056 "V" */
    0xbf, 0x40, 0xf, 0xdd, 0xe1, 0xc1, 0xc0, 0x1f,
    0x20, 0xa8, 0x28, 0x28, 0x7, 0xdc, 0x1c, 0x0,
    0x60, 0x50, 0xf, 0x29, 0x20, 0x2, 0x83, 0xc0,
    0x39, 0x41, 0x40, 0x23, 0x25, 0x0, 0xee, 0xa,
    0x0, 0xca, 0xa, 0x1, 0xa, 0x19, 0x0, 0x6a,
    0xe, 0x0, 0x9c, 0x28, 0x3, 0x88, 0xd0, 0x40,
    0x14, 0xc, 0x1, 0xea, 0x7, 0x1, 0x35, 0x0,
    0xf9, 0x83, 0x41, 0x83, 0x80, 0x3f, 0x2a, 0xd,
    0x8a, 0x0, 0x7e, 0xe0, 0x63, 0x60, 0xf, 0xe4,
    0x18, 0xa, 0x0, 0xff, 0x30, 0x19, 0x0, 0x70,

    /* U+0057 "W" */
    0xaf, 0x40, 0xe, 0xcf, 0xc0, 0xe, 0x5f, 0x8f,
    0xc, 0x0, 0xc2, 0x60, 0x60, 0x1d, 0x81, 0x88,
    0x6, 0x1, 0x90, 0x14, 0x10, 0x3, 0x20, 0x20,
    0x92, 0x0, 0x6c, 0x8, 0xd, 0x0, 0x84, 0x90,
    0x0, 0x80, 0x40, 0x12, 0x19, 0x11, 0x0, 0x25,
    0xc, 0x0, 0x60, 0x20, 0x0, 0x88, 0x80, 0x84,
    0x20, 0xc, 0x4, 0x0, 0x20, 0x78, 0x1, 0x2,
    0xc3, 0x1, 0xc0, 0x8, 0x6, 0x0, 0x12, 0x40,
    0x6, 0x1, 0x82, 0x6, 0x0, 0xd, 0x0, 0x32,
    0x10, 0x82, 0x20, 0x0, 0x26, 0x80, 0x61, 0xa0,
    0x1b, 0x1, 0x4c, 0x70, 0x2, 0x41, 0x24, 0x4,
    0x0, 0xc8, 0x6, 0x80, 0xa0, 0x16, 0x3, 0xe0,
    0x90, 0x6, 0x12, 0xdc, 0x12, 0x0, 0x90, 0x35,
    0x50, 0x3, 0xc8, 0x85, 0x40, 0xe, 0x35, 0x1c,
    0x0, 0xf6, 0x8, 0xb0, 0x3, 0xac, 0x81, 0xc0,
    0x3c, 0x80, 0x7, 0x0, 0xe4, 0x2, 0x10, 0x8,

    /* U+0058 "X" */
    0xd, 0xf5, 0x0, 0xf4, 0xfb, 0x80, 0x38, 0x2c,
    0x40, 0x32, 0xb1, 0xb8, 0x0, 0xdc, 0x6c, 0x2,
    0x1b, 0x1d, 0x0, 0xd0, 0x4a, 0xa0, 0x6, 0x8d,
    0x88, 0x7, 0x70, 0x58, 0xb9, 0xb2, 0x80, 0x78,
    0xdc, 0x6a, 0xa, 0x40, 0x3f, 0x41, 0x20, 0x70,
    0x7, 0xf9, 0x0, 0x2, 0x1, 0xfc, 0x8c, 0x21,
    0xc0, 0x1f, 0x86, 0x83, 0xc, 0xce, 0x1, 0xf5,
    0xc, 0x17, 0x4, 0x10, 0x7, 0x32, 0x1b, 0x81,
    0x40, 0x70, 0x6, 0x29, 0xe, 0x0, 0x9c, 0xcd,
    0x0, 0x17, 0x84, 0x90, 0x6, 0xe0, 0x73, 0x8,
    0x24, 0x60, 0xe, 0x28, 0xe, 0x0,

    /* U+0059 "Y" */
    0x9f, 0xa0, 0xf, 0x97, 0xf4, 0x20, 0x55, 0x0,
    0x3d, 0x61, 0xc0, 0x36, 0x14, 0x1, 0xd2, 0x2e,
    0x60, 0x5, 0x41, 0x80, 0x8, 0xd8, 0xa0, 0x3,
    0x50, 0x39, 0x0, 0x38, 0x38, 0x3, 0x86, 0x42,
    0x41, 0xc9, 0xcc, 0x3, 0xcc, 0x68, 0xd0, 0x50,
    0x1, 0xfb, 0x82, 0x43, 0x80, 0x3f, 0x89, 0xc1,
    0x8c, 0x3, 0xfd, 0xc1, 0xc0, 0x1f, 0xff, 0xf0,

    /* U+005A "Z" */
    0xc, 0xff, 0xfe, 0x70, 0x53, 0x3f, 0x80, 0x34,
    0xe6, 0x7a, 0x80, 0x9c, 0x3, 0xe3, 0x90, 0xf0,
    0xf, 0x87, 0x42, 0x88, 0x3, 0xea, 0x16, 0x50,
    0xf, 0xa1, 0xe, 0x40, 0x3e, 0x47, 0x1e, 0x0,
    0xf8, 0x68, 0x28, 0x80, 0x3e, 0xd1, 0x74, 0x0,
    0xfa, 0xd, 0x20, 0x3, 0xe5, 0x71, 0xa0, 0xf,
    0x8a, 0x83, 0x44, 0x3, 0xeb, 0x1, 0xfc, 0xcf,
    0xa0, 0x0, 0x26, 0x7f, 0xc0,

    /* U+005B "[" */
    0xaf, 0xf8, 0xc0, 0xc, 0xe4, 0x0, 0x88, 0x8,
    0x7, 0xff, 0xf2, 0x20, 0x20, 0x6, 0x72,

    /* U+005C "\\" */
    0xd8, 0x0, 0xc8, 0xa0, 0x1b, 0x48, 0x40, 0x24,
    0x7, 0x0, 0xc7, 0x80, 0x1a, 0xd0, 0x3, 0x20,
    0x98, 0x4, 0x62, 0x80, 0x19, 0x2c, 0x3, 0x79,
    0x80, 0x64, 0x5, 0x0, 0x84, 0xb0, 0x3, 0x2a,
    0x0, 0x6c, 0x22, 0x0, 0x48, 0x8,

    /* U+005D "]" */
    0xaf, 0xf9, 0x3d, 0xcc, 0x0, 0xb0, 0x80, 0x1f,
    0xff, 0xc5, 0x84, 0x0, 0x7b, 0x98, 0x0,

    /* U+005E "^" */
    0x0, 0x93, 0xe4, 0x3, 0xdc, 0xc, 0x20, 0x18,
    0x55, 0x40, 0xc0, 0x1a, 0x42, 0xd2, 0x40, 0x33,
    0x20, 0xf0, 0xa8, 0x1, 0x87, 0xc1, 0x46, 0x40,
    0x16, 0x28, 0x0, 0x63, 0x32, 0x13, 0x0, 0x52,
    0x12,

    /* U+005F "_" */
    0x1, 0x1f, 0xf8, 0x13, 0xbb, 0xfe, 0x55, 0x5d,
    0xff, 0xc8,

    /* U+0060 "`" */
    0xa, 0xd5, 0x0, 0x41, 0xc0, 0x0, 0xa8, 0x90,

    /* U+0061 "a" */
    0x0, 0x15, 0x77, 0xfb, 0x10, 0x2, 0x3d, 0x54,
    0x75, 0x3b, 0x40, 0x4, 0x6, 0x54, 0x55, 0x3,
    0x40, 0x1f, 0x26, 0x1, 0x20, 0x10, 0x1, 0x18,
    0x4d, 0xa3, 0x40, 0x30, 0xd7, 0x64, 0xb3, 0x0,
    0x36, 0x2b, 0x5f, 0x72, 0xc0, 0x23, 0x24, 0x94,
    0x10, 0x20, 0xe, 0x70, 0xd, 0xe0, 0x11, 0x9d,
    0x6f, 0x1c, 0x60, 0xc0, 0xd, 0x55, 0x42, 0xa6,
    0xa1, 0x8,

    /* U+0062 "b" */
    0xbf, 0x10, 0xf, 0xfe, 0xd9, 0xd7, 0xf5, 0x10,
    0x6, 0xc7, 0x72, 0xab, 0x8, 0x2, 0x2d, 0x8b,
    0x91, 0x90, 0xa, 0x0, 0x26, 0x34, 0x0, 0x90,
    0x3, 0x28, 0x18, 0x7, 0xc2, 0xe, 0x1, 0xf0,
    0x83, 0x80, 0x4, 0x3, 0x28, 0x18, 0x2, 0x40,
    0x23, 0x32, 0x80, 0x4f, 0x28, 0xda, 0x56, 0x1,
    0x62, 0xdc, 0x3e, 0x8, 0x0,

    /* U+0063 "c" */
    0x0, 0xc, 0x6f, 0xec, 0x0, 0x43, 0x8e, 0x2e,
    0xcf, 0x80, 0x8, 0x28, 0xc8, 0xb6, 0x35, 0x7,
    0x17, 0x0, 0xa1, 0xd8, 0x85, 0x0, 0x30, 0xc1,
    0x88, 0x18, 0x7, 0xc2, 0x6, 0x1, 0xf1, 0x3,
    0x80, 0x61, 0xfa, 0x6, 0x26, 0x0, 0xa4, 0x3c,
    0x20, 0xa6, 0xe2, 0xdd, 0x14, 0x7, 0x19, 0x5d,
    0x5e, 0xc0,

    /* U+0064 "d" */
    0x0, 0xf8, 0x7e, 0x80, 0x3f, 0xfa, 0x85, 0x5d,
    0xf4, 0x60, 0x11, 0x62, 0xa9, 0x9f, 0x0, 0x29,
    0x1a, 0xb9, 0xd2, 0x0, 0x90, 0xd4, 0x2, 0xf0,
    0x1, 0x82, 0x0, 0x63, 0x0, 0x38, 0x7, 0xf3,
    0x80, 0x80, 0x7c, 0x60, 0x80, 0x18, 0xc0, 0x25,
    0x26, 0x0, 0xa0, 0x2, 0xb1, 0x9b, 0x8d, 0x50,
    0x8, 0x7d, 0x95, 0xdb, 0x0, 0x0,

    /* U+0065 "e" */
    0x0, 0xa3, 0x7f, 0xa4, 0x40, 0x21, 0xd7, 0x17,
    0x46, 0xc1, 0x0, 0x41, 0x46, 0x45, 0x59, 0x58,
    0x1, 0x85, 0xc0, 0x24, 0x35, 0x2, 0x3, 0x88,
    0xe0, 0x1, 0x88, 0x13, 0xbf, 0x18, 0x38, 0x1,
    0x7f, 0xfe, 0x43, 0x7, 0x0, 0xe6, 0x70, 0x2,
    0x94, 0x0, 0x47, 0x34, 0x0, 0xb2, 0x7c, 0x8a,
    0xc0, 0xe0, 0x0, 0xe3, 0x8b, 0xa2, 0xe9, 0x80,

    /* U+0066 "f" */
    0x0, 0x2e, 0xff, 0x10, 0xd, 0x12, 0x29, 0x1,
    0x3, 0x5d, 0x80, 0xe, 0x1c, 0x1, 0x6d, 0x84,
    0x7c, 0x4, 0x30, 0x24, 0xd8, 0x2e, 0x86, 0x31,
    0x80, 0x7f, 0xfb, 0x40,

    /* U+0067 "g" */
    0x0, 0x15, 0x77, 0xd9, 0x6e, 0x1, 0x62, 0xa9,
    0x99, 0x86, 0x0, 0x81, 0xab, 0x9d, 0x21, 0x1,
    0x53, 0x50, 0xb, 0xc0, 0xa, 0xa, 0x1, 0x8c,
    0x0, 0x21, 0xc0, 0x1c, 0x20, 0x21, 0xe0, 0x1f,
    0x28, 0x18, 0x6, 0x21, 0x1, 0x44, 0x28, 0x5,
    0x20, 0x14, 0x8d, 0x5c, 0xea, 0x80, 0x45, 0x88,
    0x86, 0x66, 0x3, 0x81, 0x12, 0xff, 0xd6, 0x60,
    0x41, 0x9a, 0x1, 0xa4, 0x30, 0x18, 0xb6, 0x63,
    0x1d, 0x14, 0x22, 0x45, 0xdc, 0x31, 0x60,

    /* U+0068 "h" */
    0xbf, 0x10, 0xf, 0xfe, 0xb9, 0xcf, 0x7e, 0x20,
    0x5, 0x8e, 0x88, 0x3b, 0x30, 0x1, 0x75, 0x5c,
    0x85, 0x0, 0x20, 0x2, 0x70, 0x20, 0x2, 0x80,
    0x42, 0xe, 0x1, 0xff, 0xea,

    /* U+0069 "i" */
    0xaf, 0x10, 0xa, 0xf8, 0x46, 0xa, 0xf1, 0x0,
    0xff, 0xe9, 0x0,

    /* U+006A "j" */
    0x0, 0x5f, 0x88, 0x7, 0xd5, 0xc2, 0x0, 0x11,
    0x0, 0x57, 0xe2, 0x1, 0xff, 0xea, 0x10, 0x3,
    0x80, 0x1e, 0x8c, 0xc1, 0x8a, 0x7c, 0x0,

    /* U+006B "k" */
    0xaf, 0x10, 0xf, 0xfe, 0xd1, 0xff, 0x10, 0x6,
    0x3c, 0x1c, 0x20, 0x8, 0xb4, 0x70, 0x80, 0x22,
    0xc0, 0xd2, 0x0, 0xda, 0x26, 0x60, 0xe, 0x14,
    0x27, 0x0, 0xeb, 0xa1, 0x82, 0x0, 0xca, 0x30,
    0x12, 0x1, 0xe6, 0x34, 0x50, 0xf, 0x70, 0x58,
    0x80, 0x71, 0x38, 0xc0,

    /* U+006C "l" */
    0xbf, 0x0, 0xff, 0xef, 0x80,

    /* U+006D "m" */
    0xbe, 0x2a, 0xff, 0x59, 0xc, 0xf7, 0xd9, 0x0,
    0x7, 0x2, 0x99, 0x3f, 0xa, 0x1d, 0x3c, 0x2,
    0x7a, 0x59, 0x42, 0x6b, 0x68, 0x62, 0x30, 0x5,
    0x0, 0x46, 0x1c, 0x1, 0x78, 0x30, 0x0, 0x80,
    0x38, 0x40, 0x38, 0xc0, 0x3f, 0x38, 0x7, 0xff,
    0xfc, 0x3, 0xc0,

    /* U+006E "n" */
    0xbe, 0x2a, 0xef, 0xc4, 0x0, 0xe, 0xc, 0x40,
    0xac, 0xc0, 0xf, 0x6c, 0xf4, 0x14, 0x0, 0xa0,
    0x9, 0x40, 0x80, 0x4, 0x1, 0x8, 0x7, 0xf9,
    0xc0, 0x3f, 0xfc, 0x20,

    /* U+006F "o" */
    0x0, 0xc, 0xf7, 0xf4, 0x88, 0x4, 0x3e, 0xc4,
    0xca, 0xde, 0x40, 0xa, 0x19, 0xc9, 0xb9, 0x19,
    0x1, 0x43, 0x60, 0x9, 0x8d, 0x9, 0x41, 0x0,
    0x39, 0x1, 0x80, 0x1e, 0x1, 0xde, 0x2, 0x0,
    0xe0, 0xe, 0xf0, 0x15, 0x4, 0x0, 0xe4, 0x5,
    0x14, 0x26, 0x0, 0x98, 0xcc, 0x21, 0x23, 0x37,
    0x17, 0x23, 0xc0, 0x2, 0xf6, 0x57, 0x56, 0xf2,
    0x0,

    /* U+0070 "p" */
    0xbe, 0x3b, 0xfe, 0xa2, 0x0, 0x87, 0x7, 0x2d,
    0x30, 0x80, 0x25, 0xa3, 0x5c, 0x19, 0x0, 0xa4,
    0x2, 0x24, 0x40, 0x80, 0xc, 0x3, 0x18, 0x10,
    0x8, 0x7, 0x78, 0x38, 0x8, 0x7, 0x70, 0x38,
    0x0, 0xc0, 0x32, 0x81, 0x80, 0x20, 0x2, 0x63,
    0x50, 0x9, 0x76, 0x2a, 0x4a, 0xc0, 0x2c, 0x67,
    0x46, 0xc1, 0x0, 0x8e, 0xff, 0xa4, 0x40, 0x3f,
    0xfa, 0x80,

    /* U+0071 "q" */
    0x0, 0x15, 0x77, 0xd8, 0xf5, 0x81, 0x62, 0xbc,
    0x37, 0x80, 0x52, 0x35, 0x2f, 0xa4, 0x20, 0x28,
    0x6a, 0x1, 0x78, 0x0, 0x81, 0x40, 0x31, 0x80,
    0x1c, 0x4, 0x3, 0x84, 0x1c, 0x8, 0x3, 0x84,
    0xc, 0x1c, 0x3, 0x18, 0x4, 0xc4, 0xc0, 0x14,
    0x0, 0x50, 0x53, 0x71, 0xaa, 0x1, 0xe, 0x32,
    0xbb, 0x68, 0x6, 0x19, 0xef, 0xb2, 0x0, 0xff,
    0xea, 0x0,

    /* U+0072 "r" */
    0xbe, 0x3d, 0xfa, 0x0, 0x68, 0xa1, 0x0, 0xa6,
    0x5c, 0x0, 0x24, 0x3, 0x88, 0x3, 0xff, 0xb6,

    /* U+0073 "s" */
    0x0, 0x3e, 0xff, 0x5a, 0x0, 0x51, 0x1, 0x77,
    0x2d, 0xa0, 0x1, 0xd3, 0x22, 0x70, 0x3c, 0x2,
    0x61, 0x0, 0x16, 0xd8, 0x1, 0x8b, 0xad, 0xc8,
    0x80, 0x14, 0xc8, 0x92, 0x37, 0x46, 0x1, 0x36,
    0xf4, 0xa1, 0x68, 0x14, 0x20, 0xb, 0x5a, 0x9,
    0x99, 0xe0, 0x3, 0x38, 0x10, 0xb9, 0xec, 0xc6,
    0x9b, 0x88, 0x44, 0x8b, 0xb8, 0x66, 0x0,

    /* U+0074 "t" */
    0x0, 0x1a, 0x0, 0x49, 0x84, 0x1, 0x8, 0x7,
    0xfa, 0xa8, 0x13, 0xe5, 0xca, 0xb, 0x26, 0x9e,
    0x18, 0xc2, 0x1, 0xff, 0xd5, 0x10, 0x9, 0x82,
    0x2c, 0x80, 0xd8, 0x11, 0x80,

    /* U+0075 "u" */
    0xbf, 0x0, 0xc3, 0xf6, 0x1, 0xff, 0xec, 0x10,
    0x9, 0x40, 0x6, 0xc, 0x1, 0x40, 0x2, 0x82,
    0x2e, 0xb8, 0x4, 0xa, 0xcd, 0x10, 0xfa, 0x0,

    /* U+0076 "v" */
    0x9f, 0x40, 0xc, 0x7f, 0x34, 0x1a, 0x1, 0xa8,
    0x28, 0xc9, 0xc0, 0x33, 0x91, 0x85, 0xa, 0x0,
    0xc, 0x54, 0x0, 0xa1, 0xc0, 0xa, 0xa, 0x0,
    0x11, 0xa8, 0x1, 0xcc, 0x80, 0x2a, 0x4, 0x40,
    0xd8, 0x6, 0x70, 0xdd, 0x3, 0x0, 0x61, 0x47,
    0x72, 0x8, 0x7, 0x70, 0x8b, 0x40, 0x3c, 0xa0,
    0x6, 0x0, 0x80,

    /* U+0077 "w" */
    0xcf, 0x0, 0xd9, 0xe8, 0x1, 0x4f, 0x92, 0x2,
    0x0, 0x4, 0xc3, 0x0, 0x24, 0x22, 0x58, 0x60,
    0x1, 0x0, 0x6, 0x0, 0x12, 0x50, 0x31, 0x40,
    0x6, 0xa, 0xa0, 0x1, 0xc3, 0x0, 0x8, 0x60,
    0x4, 0x46, 0x1, 0x86, 0x2, 0x0, 0x3c, 0x10,
    0x4b, 0x10, 0x10, 0x15, 0x40, 0x12, 0x6, 0xa0,
    0x21, 0xe, 0x18, 0x78, 0x4, 0x26, 0x98, 0x24,
    0x8, 0x8b, 0x4, 0x0, 0xd6, 0x4e, 0x80, 0xc,
    0x7, 0x31, 0x0, 0xc8, 0x3, 0x80, 0x4, 0x0,
    0x58, 0x7, 0x18, 0x82, 0x0, 0x8, 0x41, 0x0,
    0x20,

    /* U+0078 "x" */
    0x3f, 0xe0, 0xd, 0xbe, 0x66, 0x61, 0x80, 0x4,
    0x13, 0x98, 0x49, 0x39, 0x1b, 0x94, 0x0, 0x52,
    0x1d, 0xc0, 0xf0, 0xc, 0x8c, 0x65, 0x4, 0x1,
    0xda, 0x0, 0x40, 0xf, 0x48, 0x3, 0x80, 0x3a,
    0xa, 0x20, 0x50, 0x1, 0x1b, 0x93, 0xb8, 0x9c,
    0xc0, 0x1c, 0x1c, 0x0, 0xe0, 0xe0, 0x82, 0x63,
    0x0, 0x1b, 0x14, 0x0,

    /* U+0079 "y" */
    0x7f, 0x60, 0xc, 0x3f, 0x4a, 0x1a, 0x1, 0x98,
    0x38, 0x8d, 0x4, 0x2, 0xa1, 0x40, 0xa0, 0x60,
    0x1, 0x93, 0x0, 0x18, 0x2c, 0x1, 0x61, 0x60,
    0x12, 0x99, 0x3, 0x11, 0x80, 0x5c, 0xa, 0x63,
    0x40, 0x19, 0x6, 0xec, 0xc, 0x1, 0xcc, 0x6c,
    0x82, 0x1, 0xd4, 0x3, 0xc0, 0x1e, 0x22, 0x2,
    0x80, 0x7c, 0x4a, 0x1, 0xf4, 0x4, 0x80, 0x76,
    0x6b, 0xa1, 0x80, 0x73, 0x92, 0x50, 0x7, 0x0,

    /* U+007A "z" */
    0x3f, 0xff, 0xc8, 0x51, 0x1c, 0xc0, 0x2a, 0x2e,
    0xfc, 0x81, 0xa2, 0x1, 0xd4, 0x52, 0x60, 0x1d,
    0xa, 0xa6, 0x0, 0xe5, 0x73, 0xa0, 0xe, 0x2a,
    0x1d, 0x0, 0xe1, 0xf0, 0xa1, 0x0, 0xea, 0x29,
    0x40, 0xe, 0x74, 0x1e, 0x89, 0x9c, 0xbc, 0x2,
    0xee, 0x66, 0xd8,

    /* U+007B "{" */
    0x0, 0x97, 0xbc, 0xc0, 0x3, 0x40, 0xa2, 0x0,
    0x40, 0xba, 0x20, 0x1, 0x83, 0x0, 0x7f, 0xc2,
    0x1, 0xef, 0x1, 0x0, 0xca, 0x44, 0x0, 0x27,
    0x1f, 0x0, 0x46, 0x28, 0x60, 0x13, 0xda, 0xd0,
    0x6, 0x45, 0x50, 0x7, 0x68, 0x10, 0x6, 0x10,
    0x10, 0xf, 0xfe, 0x31, 0x83, 0x0, 0x64, 0xb,
    0x92, 0x0, 0xd, 0x3, 0x8,

    /* U+007C "|" */
    0x2f, 0x60, 0xf, 0xff, 0x50,

    /* U+007D "}" */
    0x8f, 0xc2, 0x0, 0xb5, 0xf, 0x80, 0x25, 0xb5,
    0x30, 0xe, 0x30, 0xf, 0xc2, 0x1, 0x84, 0x3,
    0xde, 0x4, 0x1, 0x90, 0x2c, 0x3, 0x1c, 0x3e,
    0x8, 0x4, 0x84, 0x60, 0x1b, 0x47, 0x44, 0x0,
    0xa3, 0x4, 0x1, 0x68, 0x30, 0x7, 0x8c, 0x3,
    0xfe, 0x10, 0x10, 0xc, 0x40, 0x19, 0x6d, 0x10,
    0x1, 0x6a, 0x22, 0x80, 0x20,

    /* U+007E "~" */
    0x0, 0xff, 0xe0, 0x36, 0xff, 0x52, 0x80, 0xe,
    0x8a, 0x48, 0x5, 0x6b, 0xfd, 0x8e, 0xd, 0xdf,
    0xd2, 0x80, 0x3, 0x92, 0x91, 0x1, 0x6b, 0xff,
    0x62, 0x0,

    /* U+00C0 "À" */
    0x0, 0xe3, 0xdc, 0x0, 0xff, 0xe0, 0x1a, 0x1a,
    0x80, 0x7f, 0xf0, 0x24, 0xe4, 0x3, 0xff, 0x83,
    0x98, 0x0, 0xff, 0xe0, 0x5f, 0xd8, 0x7, 0xfc,
    0x28, 0x8, 0x20, 0x1f, 0xe6, 0x8, 0x6, 0x0,
    0xff, 0x50, 0xb8, 0x50, 0x7, 0xf1, 0x11, 0x1,
    0x49, 0x0, 0x3f, 0x50, 0x78, 0x70, 0x70, 0x7,
    0xe6, 0x5, 0x4, 0x15, 0x10, 0xf, 0x20, 0xa8,
    0x4, 0xe0, 0xc0, 0x1e, 0xe0, 0xe0, 0xa, 0x82,
    0x80, 0x3c, 0xa1, 0x7f, 0xf6, 0x1, 0x18, 0x6,
    0x60, 0x36, 0x6e, 0x40, 0xa0, 0xd, 0x41, 0xf3,
    0x3d, 0x40, 0xc0, 0x10, 0x99, 0x18, 0x7, 0xa,
    0x3, 0x0, 0x18, 0x14, 0x3, 0xee, 0xa, 0x0,
    0x50, 0x50, 0x7, 0xca, 0x26, 0x40,

    /* U+00C1 "Á" */
    0x0, 0xfa, 0x35, 0xc0, 0x3f, 0xe1, 0x70, 0x70,
    0xf, 0xf9, 0x83, 0xc0, 0x3f, 0xf8, 0xf, 0xe4,
    0x1, 0xff, 0xc0, 0xbf, 0xb0, 0xf, 0xf8, 0x50,
    0x10, 0x40, 0x3f, 0xcc, 0x10, 0xc, 0x1, 0xfe,
    0xa1, 0x70, 0xa0, 0xf, 0xe2, 0x22, 0x2, 0x92,
    0x0, 0x7e, 0xa0, 0xf0, 0xe0, 0xe0, 0xf, 0xcc,
    0xa, 0x8, 0x2a, 0x20, 0x1e, 0x41, 0x50, 0x9,
    0xc1, 0x80, 0x3d, 0xc1, 0xc0, 0x15, 0x5, 0x0,
    0x79, 0x42, 0xff, 0xec, 0x2, 0x30, 0xc, 0xc0,
    0x6c, 0xdc, 0x81, 0x40, 0x1a, 0x83, 0xe6, 0x7a,
    0x81, 0x80, 0x21, 0x32, 0x30, 0xe, 0x14, 0x6,
    0x0, 0x30, 0x28, 0x7, 0xdc, 0x14, 0x0, 0xa0,
    0xa0, 0xf, 0x94, 0x4c, 0x80,

    /* U+00C3 "Ã" */
    0x0, 0xff, 0x8, 0x7, 0xe1, 0xcf, 0xb4, 0x9c,
    0x0, 0xfc, 0xc5, 0x41, 0x6d, 0x40, 0x1f, 0x97,
    0x56, 0xf7, 0x1c, 0x3, 0xf1, 0x1d, 0xfc, 0x98,
    0x7, 0xf8, 0x50, 0x10, 0x40, 0x3f, 0xcc, 0x10,
    0xc, 0x1, 0xfe, 0xa1, 0x70, 0xa0, 0xf, 0xe2,
    0x22, 0x2, 0x92, 0x0, 0x7e, 0xa0, 0xf0, 0xe0,
    0xe0, 0xf, 0xcc, 0xa, 0x8, 0x2a, 0x20, 0x1e,
    0x41, 0x50, 0x9, 0xc1, 0x80, 0x3d, 0xc1, 0xc0,
    0x15, 0x5, 0x0, 0x79, 0x42, 0xff, 0xec, 0x2,
    0x30, 0xc, 0xc0, 0x6c, 0xdc, 0x81, 0x40, 0x1a,
    0x83, 0xe6, 0x7a, 0x81, 0x80, 0x21, 0x32, 0x30,
    0xe, 0x14, 0x6, 0x0, 0x30, 0x28, 0x7, 0xdc,
    0x14, 0x0, 0xa0, 0xa0, 0xf, 0x94, 0x4c, 0x80,

    /* U+00C8 "È" */
    0x0, 0x87, 0x34, 0x80, 0x3f, 0xc, 0x15, 0x80,
    0x7f, 0x23, 0xb0, 0x80, 0x7f, 0x47, 0x88, 0x6,
    0x6f, 0xff, 0xf0, 0x4, 0x46, 0x7f, 0x20, 0x5,
    0x59, 0x9f, 0x58, 0x7, 0xff, 0x6e, 0xb3, 0x3e,
    0x40, 0x8, 0x8c, 0xfe, 0x20, 0xa, 0x3f, 0xfe,
    0x60, 0xf, 0xff, 0x3d, 0x66, 0x7e, 0x30, 0x1,
    0x19, 0xfe, 0x70,

    /* U+00C9 "É" */
    0x0, 0xe5, 0xda, 0x0, 0xfe, 0x82, 0x80, 0xf,
    0xc8, 0x54, 0x40, 0x1f, 0x93, 0xd4, 0x3, 0x9b,
    0xff, 0xfc, 0x1, 0x11, 0x9f, 0xc8, 0x1, 0x56,
    0x67, 0xd6, 0x1, 0xff, 0xdb, 0xac, 0xcf, 0x90,
    0x2, 0x23, 0x3f, 0x88, 0x2, 0x8f, 0xff, 0x98,
    0x3, 0xff, 0xcf, 0x59, 0x9f, 0x8c, 0x0, 0x46,
    0x7f, 0x9c,

    /* U+00CC "Ì" */
    0x2d, 0xd0, 0x81, 0x59, 0x48, 0x1, 0x9a, 0x0,
    0xa7, 0x80, 0x5, 0xf8, 0x1, 0xff, 0xfb,

    /* U+00CD "Í" */
    0x7, 0xd8, 0x9, 0x39, 0x61, 0xd1, 0x6f, 0x30,
    0x2f, 0xc0, 0xf, 0xff, 0x68,

    /* U+00D2 "Ò" */
    0x0, 0xe5, 0xdb, 0x0, 0xff, 0xe0, 0x2b, 0xa2,
    0x0, 0x3f, 0xf8, 0x14, 0x5e, 0x1, 0xff, 0xc1,
    0xdb, 0x0, 0xff, 0x14, 0xef, 0xf6, 0x30, 0x7,
    0xcf, 0xac, 0x68, 0x47, 0x3a, 0x40, 0x19, 0xe0,
    0x6f, 0xaf, 0x39, 0xcb, 0x4, 0x0, 0x50, 0x3e,
    0x80, 0x10, 0xc3, 0x8d, 0x0, 0x28, 0x24, 0x40,
    0x3d, 0x2, 0x82, 0x8, 0xa, 0x1, 0xf9, 0xc1,
    0xc0, 0xc0, 0x80, 0x3f, 0x78, 0x70, 0x7, 0xff,
    0x0, 0xc0, 0x80, 0x3f, 0xf8, 0x44, 0x6, 0x4,
    0x1, 0xfb, 0x43, 0x81, 0x1, 0x40, 0x3f, 0x28,
    0x20, 0x48, 0x49, 0x0, 0x79, 0xc9, 0x8, 0x6,
    0x47, 0x10, 0x3, 0x44, 0x2, 0x40, 0x26, 0x91,
    0xbd, 0xbb, 0x7b, 0x96, 0x10, 0x6, 0x6d, 0x60,
    0x45, 0x39, 0xd3, 0x0, 0x0,

    /* U+00D3 "Ó" */
    0x0, 0xf8, 0xf6, 0xc0, 0x3f, 0xf8, 0x10, 0x50,
    0x1, 0xff, 0x12, 0x41, 0x80, 0x7f, 0xc5, 0xee,
    0x1, 0xfe, 0x29, 0xdf, 0xec, 0x60, 0xf, 0x9f,
    0x58, 0xd0, 0x8e, 0x74, 0x80, 0x33, 0xc0, 0xdf,
    0x5e, 0x73, 0x96, 0x8, 0x0, 0xa0, 0x7d, 0x0,
    0x21, 0x87, 0x1a, 0x0, 0x50, 0x48, 0x80, 0x7a,
    0x5, 0x4, 0x10, 0x14, 0x3, 0xf3, 0x83, 0x81,
    0x81, 0x0, 0x7e, 0xf0, 0xe0, 0xf, 0xfe, 0x1,
    0x81, 0x0, 0x7f, 0xf0, 0x88, 0xc, 0x8, 0x3,
    0xf6, 0x87, 0x2, 0x2, 0x80, 0x7e, 0x50, 0x40,
    0x90, 0x92, 0x0, 0xf3, 0x92, 0x10, 0xc, 0x8e,
    0x20, 0x6, 0x88, 0x4, 0x80, 0x4d, 0x23, 0x7b,
    0x76, 0xf7, 0x2c, 0x20, 0xc, 0xda, 0xc0, 0x8a,
    0x73, 0xa6, 0x0,

    /* U+00D5 "Õ" */
    0x0, 0xff, 0x8, 0x7, 0xf5, 0xfe, 0x2b, 0xf0,
    0x7, 0xe5, 0x4a, 0x6a, 0x86, 0x0, 0xfc, 0xf6,
    0xb5, 0xb9, 0x20, 0x1f, 0xdb, 0xaf, 0xcf, 0x60,
    0xf, 0x9f, 0x58, 0xd0, 0x8e, 0x74, 0x80, 0x33,
    0xc0, 0xdf, 0x5e, 0x73, 0x96, 0x8, 0x0, 0xa0,
    0x7d, 0x0, 0x21, 0x87, 0x1a, 0x0, 0x50, 0x48,
    0x80, 0x7a, 0x5, 0x4, 0x10, 0x14, 0x3, 0xf3,
    0x83, 0x81, 0x81, 0x0, 0x7e, 0xf0, 0xe0, 0xf,
    0xfe, 0x1, 0x81, 0x0, 0x7f, 0xf0, 0x88, 0xc,
    0x8, 0x3, 0xf6, 0x87, 0x2, 0x2, 0x80, 0x7e,
    0x50, 0x40, 0x90, 0x92, 0x0, 0xf3, 0x92, 0x10,
    0xc, 0x8e, 0x20, 0x6, 0x88, 0x4, 0x80, 0x4d,
    0x23, 0x7b, 0x76, 0xf7, 0x2c, 0x20, 0xc, 0xda,
    0xc0, 0x8a, 0x73, 0xa6, 0x0,

    /* U+00D9 "Ù" */
    0x0, 0x87, 0x34, 0x80, 0x3f, 0xc, 0x14, 0x0,
    0x7f, 0x24, 0x29, 0x0, 0x7f, 0x3f, 0x90, 0x6,
    0x6f, 0x70, 0xf, 0xf, 0xe8, 0x7, 0xff, 0xfc,
    0x3, 0xff, 0x92, 0x61, 0xe0, 0x1f, 0x84, 0x40,
    0x20, 0x1e, 0x20, 0x75, 0x7, 0x0, 0xf5, 0x86,
    0xa, 0xd, 0x8, 0x4, 0xae, 0xc, 0x12, 0x4b,
    0xdb, 0x9d, 0x41, 0x42, 0x5, 0x8e, 0x46, 0x72,
    0xe2, 0x80,

    /* U+00DA "Ú" */
    0x0, 0xf5, 0xe9, 0x80, 0x7e, 0x54, 0x41, 0x80,
    0x7e, 0x93, 0x90, 0xf, 0xec, 0xc0, 0x7, 0x37,
    0xb8, 0x7, 0x87, 0xf4, 0x3, 0xff, 0xfe, 0x1,
    0xff, 0xc9, 0x30, 0xf0, 0xf, 0xc2, 0x20, 0x10,
    0xf, 0x10, 0x3a, 0x83, 0x80, 0x7a, 0xc3, 0x5,
    0x6, 0x84, 0x2, 0x57, 0x6, 0x9, 0x25, 0xed,
    0xce, 0xa0, 0xa1, 0x2, 0xc7, 0x23, 0x39, 0x71,
    0x40,

    /* U+00DD "Ý" */
    0x0, 0xf3, 0x6c, 0x80, 0x7f, 0xd0, 0x70, 0x1,
    0xfe, 0x51, 0xa1, 0x0, 0xff, 0x2f, 0xa0, 0x7,
    0xa7, 0xe8, 0x3, 0xe5, 0xfd, 0x8, 0x15, 0x40,
    0xf, 0x58, 0x70, 0xd, 0x85, 0x0, 0x74, 0x8b,
    0x98, 0x1, 0x50, 0x60, 0x2, 0x36, 0x28, 0x0,
    0xd4, 0xe, 0x40, 0xe, 0xe, 0x0, 0xe1, 0x90,
    0x90, 0x72, 0x73, 0x0, 0xf3, 0x1a, 0x34, 0x14,
    0x0, 0x7e, 0xe0, 0x90, 0xe0, 0xf, 0xe2, 0x70,
    0x63, 0x0, 0xff, 0x70, 0x70, 0x7, 0xff, 0xfc,
    0x0,

    /* U+00E0 "à" */
    0x0, 0x93, 0xf8, 0x3, 0xf2, 0x40, 0xa8, 0x7,
    0xe7, 0x5f, 0x0, 0xfe, 0xaa, 0x0, 0x78, 0xab,
    0xbf, 0xd8, 0x80, 0x11, 0xea, 0xa3, 0xa9, 0xda,
    0x0, 0x20, 0x32, 0xa2, 0xa8, 0x1a, 0x0, 0xf9,
    0x30, 0x9, 0x0, 0x80, 0x8, 0xc2, 0x6d, 0x1a,
    0x1, 0x86, 0xbb, 0x25, 0x98, 0x1, 0xb1, 0x5a,
    0xfb, 0x96, 0x1, 0x19, 0x24, 0xa0, 0x81, 0x0,
    0x73, 0x80, 0x6f, 0x0, 0x8c, 0xeb, 0x78, 0xe3,
    0x6, 0x0, 0x6a, 0xaa, 0x15, 0x35, 0x8, 0x40,

    /* U+00E1 "á" */
    0x0, 0xe6, 0xfb, 0x0, 0xfd, 0x63, 0x40, 0x1f,
    0x18, 0x68, 0x80, 0x7c, 0x7a, 0x60, 0x1e, 0x2a,
    0xef, 0xf6, 0x20, 0x4, 0x7a, 0xa8, 0xea, 0x76,
    0x80, 0x8, 0xc, 0xa8, 0xaa, 0x6, 0x80, 0x3e,
    0x4c, 0x2, 0x40, 0x20, 0x2, 0x30, 0x9b, 0x46,
    0x80, 0x61, 0xae, 0xc9, 0x66, 0x0, 0x6c, 0x56,
    0xbe, 0xe5, 0x80, 0x46, 0x49, 0x28, 0x20, 0x40,
    0x1c, 0xe0, 0x1b, 0xc0, 0x23, 0x3a, 0xde, 0x38,
    0xc1, 0x80, 0x1a, 0xaa, 0x85, 0x4d, 0x42, 0x10,

    /* U+00E3 "ã" */
    0x0, 0x16, 0x74, 0x9d, 0xd0, 0x6, 0xb1, 0x94,
    0xc4, 0xf0, 0xd, 0x5e, 0xfb, 0x9a, 0xa0, 0x18,
    0xc8, 0x0, 0x64, 0x1, 0xc5, 0x5d, 0xfe, 0xc4,
    0x0, 0x8f, 0x55, 0x1d, 0x4e, 0xd0, 0x1, 0x1,
    0x95, 0x15, 0x40, 0xd0, 0x7, 0xc9, 0x80, 0x48,
    0x4, 0x0, 0x46, 0x13, 0x68, 0xd0, 0xc, 0x35,
    0xd9, 0x2c, 0xc0, 0xd, 0x8a, 0xd7, 0xdc, 0xb0,
    0x8, 0xc9, 0x25, 0x4, 0x8, 0x3, 0x9c, 0x3,
    0x78, 0x4, 0x67, 0x5b, 0xc7, 0x18, 0x30, 0x3,
    0x55, 0x50, 0xa9, 0xa8, 0x42,

    /* U+00E8 "è" */
    0x0, 0xa7, 0xe4, 0x3, 0xf4, 0x9b, 0x8, 0x7,
    0xed, 0x37, 0x0, 0xfc, 0x38, 0xc0, 0x1f, 0x46,
    0xff, 0x48, 0x80, 0x43, 0xae, 0x2e, 0x8d, 0x82,
    0x0, 0x82, 0x8c, 0x8a, 0xb2, 0xb0, 0x3, 0xb,
    0x80, 0x48, 0x6a, 0x4, 0x7, 0x11, 0xc0, 0x3,
    0x10, 0x27, 0x7e, 0x30, 0x70, 0x2, 0xff, 0xfc,
    0x86, 0xe, 0x1, 0xcc, 0xe0, 0x5, 0x28, 0x0,
    0x8e, 0x68, 0x1, 0x64, 0xf9, 0x15, 0x81, 0xc0,
    0x1, 0xc7, 0x17, 0x45, 0xd3, 0x0,

    /* U+00E9 "é" */
    0x0, 0xe6, 0xfb, 0x0, 0xfd, 0x63, 0x40, 0x1f,
    0x18, 0x50, 0x80, 0x7c, 0x7a, 0x80, 0x1f, 0x46,
    0xff, 0x48, 0x80, 0x43, 0xae, 0x2e, 0x8d, 0x82,
    0x0, 0x82, 0x8c, 0x8a, 0xb2, 0xb0, 0x3, 0xb,
    0x80, 0x48, 0x6a, 0x4, 0x7, 0x11, 0xc0, 0x3,
    0x10, 0x27, 0x7e, 0x30, 0x70, 0x2, 0xff, 0xfc,
    0x86, 0xe, 0x1, 0xcc, 0xe0, 0x5, 0x28, 0x0,
    0x8e, 0x68, 0x1, 0x64, 0xf9, 0x15, 0x81, 0xc0,
    0x1, 0xc7, 0x17, 0x45, 0xd3, 0x0,

    /* U+00EC "ì" */
    0x4f, 0xe0, 0x2, 0x40, 0xb0, 0x1, 0xdb, 0x0,
    0x29, 0xa0, 0x0, 0xfd, 0x80, 0x7f, 0xf9, 0xc0,

    /* U+00ED "í" */
    0x1, 0xfe, 0x20, 0x90, 0xa2, 0x4, 0x74, 0x0,
    0x64, 0x0, 0x7, 0xec, 0x3, 0xff, 0xd0,

    /* U+00F2 "ò" */
    0x0, 0xa7, 0xe4, 0x3, 0xf4, 0x9b, 0x8, 0x7,
    0xed, 0x37, 0x0, 0xfc, 0x38, 0xc0, 0x1e, 0x19,
    0xef, 0xe9, 0x10, 0x8, 0x7d, 0x89, 0x95, 0xbc,
    0x80, 0x14, 0x33, 0x93, 0x72, 0x32, 0x2, 0x86,
    0xc0, 0x13, 0x1a, 0x12, 0x82, 0x0, 0x72, 0x3,
    0x0, 0x3c, 0x3, 0xbc, 0x4, 0x1, 0xc0, 0x1d,
    0xe0, 0x2a, 0x8, 0x1, 0xc8, 0xa, 0x28, 0x4c,
    0x1, 0x31, 0x98, 0x42, 0x46, 0x6e, 0x2e, 0x47,
    0x80, 0x5, 0xec, 0xae, 0xad, 0xe4, 0x0,

    /* U+00F3 "ó" */
    0x0, 0xe6, 0xfc, 0x0, 0xfd, 0x63, 0xa0, 0x1f,
    0x18, 0x50, 0x80, 0x7c, 0x7a, 0x80, 0x1e, 0x19,
    0xef, 0xe9, 0x10, 0x8, 0x7d, 0x89, 0x95, 0xbc,
    0x80, 0x14, 0x33, 0x93, 0x72, 0x32, 0x2, 0x86,
    0xc0, 0x13, 0x1a, 0x12, 0x82, 0x0, 0x72, 0x3,
    0x0, 0x3c, 0x3, 0xbc, 0x4, 0x1, 0xc0, 0x1d,
    0xe0, 0x2a, 0x8, 0x1, 0xc8, 0xa, 0x28, 0x4c,
    0x1, 0x31, 0x98, 0x42, 0x46, 0x6e, 0x2e, 0x47,
    0x80, 0x5, 0xec, 0xae, 0xad, 0xe4, 0x0,

    /* U+00F5 "õ" */
    0x0, 0xe, 0x74, 0x9d, 0x58, 0x6, 0x81, 0x94,
    0xc5, 0xe0, 0xd, 0x5e, 0xfb, 0x9a, 0xa0, 0x18,
    0xc8, 0x0, 0x64, 0x1, 0xc3, 0x3d, 0xfd, 0x22,
    0x1, 0xf, 0xb1, 0x32, 0xb7, 0x90, 0x2, 0x86,
    0x72, 0x6e, 0x46, 0x40, 0x50, 0xd8, 0x2, 0x63,
    0x42, 0x50, 0x40, 0xe, 0x40, 0x60, 0x7, 0x80,
    0x77, 0x80, 0x80, 0x38, 0x3, 0xbc, 0x5, 0x41,
    0x0, 0x39, 0x1, 0x45, 0x9, 0x80, 0x26, 0x33,
    0x8, 0x48, 0xcd, 0xc5, 0xc8, 0xf0, 0x0, 0xbd,
    0x95, 0xd5, 0xbc, 0x80,

    /* U+00F9 "ù" */
    0x0, 0x1f, 0xf8, 0x40, 0x38, 0xe8, 0x18, 0x3,
    0xca, 0xf8, 0x1, 0xf4, 0x58, 0x5, 0x7e, 0x1,
    0x87, 0xec, 0x3, 0xff, 0xd8, 0x20, 0x12, 0x80,
    0xc, 0x18, 0x2, 0x80, 0x5, 0x4, 0x5d, 0x70,
    0x8, 0x15, 0x9a, 0x21, 0xf4, 0x0,

    /* U+00FA "ú" */
    0x0, 0xd1, 0xf4, 0x1, 0xe6, 0x2a, 0x0, 0xe5,
    0x3f, 0x0, 0xf2, 0xe9, 0x0, 0x57, 0xe0, 0x18,
    0x7e, 0xc0, 0x3f, 0xfd, 0x82, 0x1, 0x28, 0x0,
    0xc1, 0x80, 0x28, 0x0, 0x50, 0x45, 0xd7, 0x0,
    0x81, 0x59, 0xa2, 0x1f, 0x40, 0x0,

    /* U+00FD "ý" */
    0x0, 0xed, 0xf5, 0x0, 0xf2, 0x13, 0x28, 0x7,
    0xb5, 0x24, 0x3, 0xe9, 0xb0, 0xc, 0xfe, 0xc0,
    0x18, 0x7e, 0x94, 0x34, 0x3, 0x30, 0x71, 0x1a,
    0x8, 0x5, 0x42, 0x81, 0x40, 0xc0, 0x3, 0x26,
    0x0, 0x30, 0x58, 0x2, 0xc2, 0xc0, 0x25, 0x32,
    0x6, 0x23, 0x0, 0xb8, 0x14, 0xc6, 0x80, 0x32,
    0xd, 0xd8, 0x18, 0x3, 0x98, 0xd9, 0x4, 0x3,
    0xa8, 0x7, 0x80, 0x3c, 0x44, 0x5, 0x0, 0xf8,
    0x94, 0x3, 0xe8, 0x9, 0x0, 0xec, 0xd7, 0x43,
    0x0, 0xe7, 0x24, 0xa0, 0xe,

    /* U+0102 "Ă" */
    0x0, 0xc2, 0xe0, 0x13, 0x18, 0x7, 0xe1, 0x87,
    0x14, 0x90, 0xf, 0xf5, 0x47, 0x5b, 0x98, 0x7,
    0xf2, 0xfe, 0xf4, 0x0, 0x7f, 0xd7, 0xb4, 0x1,
    0xff, 0xa, 0x2, 0x8, 0x7, 0xf9, 0x82, 0x1,
    0x80, 0x3f, 0xd4, 0x2e, 0x14, 0x1, 0xfc, 0x44,
    0x40, 0x52, 0x40, 0xf, 0xd4, 0x1e, 0x1c, 0x1c,
    0x1, 0xf9, 0x81, 0x41, 0x5, 0x44, 0x3, 0xc8,
    0x2a, 0x1, 0x38, 0x30, 0x7, 0xb8, 0x38, 0x2,
    0xa0, 0xa0, 0xf, 0x28, 0x5f, 0xfd, 0x80, 0x46,
    0x1, 0x98, 0xd, 0x9b, 0x90, 0x28, 0x3, 0x50,
    0x7c, 0xcf, 0x50, 0x30, 0x4, 0x26, 0x46, 0x1,
    0xc2, 0x80, 0xc0, 0x6, 0x5, 0x0, 0xfb, 0x82,
    0x80, 0x14, 0x14, 0x1, 0xf2, 0x89, 0x90,

    /* U+0103 "ă" */
    0x0, 0xbd, 0xc0, 0xb5, 0xc0, 0x3a, 0xa3, 0xf5,
    0x9c, 0x3, 0x97, 0xf7, 0xac, 0x3, 0xf1, 0x8,
    0x7, 0x8a, 0xbb, 0xfd, 0x88, 0x1, 0x1e, 0xaa,
    0x3a, 0x9d, 0xa0, 0x2, 0x3, 0x2a, 0x2a, 0x81,
    0xa0, 0xf, 0x93, 0x0, 0x90, 0x8, 0x0, 0x8c,
    0x26, 0xd1, 0xa0, 0x18, 0x6b, 0xb2, 0x59, 0x80,
    0x1b, 0x15, 0xaf, 0xb9, 0x60, 0x11, 0x92, 0x4a,
    0x8, 0x10, 0x7, 0x38, 0x6, 0xf0, 0x8, 0xce,
    0xb7, 0x8e, 0x30, 0x60, 0x6, 0xaa, 0xa1, 0x53,
    0x50, 0x84,

    /* U+0110 "Đ" */
    0x0, 0x3f, 0xff, 0xb6, 0x48, 0x3, 0xe2, 0x33,
    0xc4, 0xda, 0x80, 0x1e, 0xac, 0xcd, 0xf0, 0x16,
    0x40, 0x1f, 0xf3, 0xb8, 0x20, 0x3, 0xff, 0x81,
    0x0, 0xa0, 0x1f, 0xfc, 0x14, 0x3, 0x1, 0x0,
    0x84, 0x60, 0xc, 0x20, 0xe1, 0xd0, 0x11, 0xdd,
    0x30, 0x4, 0x60, 0x21, 0x6c, 0xd, 0x77, 0x38,
    0x4, 0x60, 0x20, 0x9c, 0x1c, 0x89, 0x8, 0x4,
    0xc0, 0xc0, 0x1f, 0xf0, 0x98, 0x90, 0x7, 0xfd,
    0x20, 0xe0, 0x1f, 0xf3, 0x38, 0x40, 0x7, 0x56,
    0x66, 0xf9, 0xb, 0x10, 0xe, 0x23, 0x3c, 0x4d,
    0xa8, 0x0,

    /* U+0111 "đ" */
    0x0, 0xe1, 0x1b, 0xec, 0x40, 0x39, 0xfb, 0xa0,
    0x4e, 0x10, 0xc, 0xd7, 0x70, 0x1d, 0x88, 0x6,
    0x14, 0x42, 0x83, 0x20, 0x4, 0x55, 0xdf, 0x46,
    0x1, 0xc5, 0x8a, 0xa7, 0x76, 0x0, 0x74, 0x8d,
    0x5c, 0x69, 0x0, 0x72, 0x1a, 0x80, 0x50, 0x1,
    0x8c, 0x14, 0x3, 0x20, 0x6, 0x70, 0xe0, 0xf,
    0xe7, 0xf, 0x0, 0xfe, 0x30, 0x30, 0xc, 0x40,
    0x1c, 0xa8, 0x60, 0x15, 0x80, 0x75, 0x8e, 0xb2,
    0x53, 0x0, 0x70, 0xfb, 0xc5, 0xb6, 0x0, 0x60,

    /* U+0128 "Ĩ" */
    0x0, 0xf0, 0x8b, 0x3e, 0xd2, 0x71, 0x8a, 0x82,
    0xda, 0x97, 0x56, 0xf3, 0xe, 0x46, 0x5f, 0xe3,
    0x0, 0xff, 0xff, 0x80, 0x7f, 0xf3, 0x0,

    /* U+0129 "ĩ" */
    0x9, 0xfb, 0x46, 0xf0, 0x46, 0x80, 0xb9, 0x50,
    0x5b, 0x7b, 0xdc, 0xa0, 0x14, 0x0, 0x11, 0x80,
    0x61, 0xfb, 0x0, 0xff, 0xff, 0x80, 0x7e,

    /* U+0168 "Ũ" */
    0x0, 0xe1, 0x1c, 0x1, 0xe6, 0xfe, 0xec, 0xe0,
    0x1c, 0xb7, 0x7b, 0x5c, 0x3, 0x8d, 0x13, 0x10,
    0x4, 0xde, 0xe0, 0x1e, 0x1f, 0xd0, 0xf, 0xff,
    0xf8, 0x7, 0xff, 0x24, 0xc3, 0xc0, 0x3f, 0x8,
    0x80, 0x40, 0x3c, 0x40, 0xea, 0xe, 0x1, 0xeb,
    0xc, 0x14, 0x1a, 0x10, 0x9, 0x5c, 0x18, 0x24,
    0x97, 0xb7, 0x3a, 0x82, 0x84, 0xb, 0x1c, 0x8c,
    0xe5, 0xc5, 0x0,

    /* U+0169 "ũ" */
    0x1, 0xbf, 0xa3, 0x9d, 0x0, 0x32, 0xc3, 0x63,
    0x50, 0x1, 0x75, 0xf3, 0x74, 0xe0, 0x2, 0x30,
    0x1, 0x10, 0x1, 0x7e, 0x1, 0x87, 0xec, 0x3,
    0xff, 0xd8, 0x20, 0x12, 0x80, 0xc, 0x18, 0x2,
    0x80, 0x5, 0x4, 0x5d, 0x70, 0x8, 0x15, 0x9a,
    0x21, 0xf4, 0x0,

    /* U+01A1 "ơ" */
    0x0, 0xc, 0xf7, 0xf4, 0x88, 0x37, 0xc0, 0xf,
    0xb1, 0x32, 0xb7, 0x88, 0x3, 0xc2, 0x86, 0x32,
    0x6e, 0x46, 0x99, 0x82, 0x24, 0x27, 0x0, 0x98,
    0xd0, 0x95, 0xd4, 0x10, 0x3, 0x90, 0x3e, 0x4,
    0x1, 0xc0, 0x1d, 0xe1, 0x8, 0x1, 0x70, 0x7,
    0x78, 0x8, 0x1, 0x41, 0x0, 0x39, 0x1, 0x40,
    0x2, 0x84, 0xe0, 0x13, 0x1a, 0x8, 0x5, 0x43,
    0x17, 0x17, 0x23, 0x20, 0x18, 0x7d, 0x95, 0xd9,
    0x9e, 0x40, 0x10,

    /* U+01B0 "ư" */
    0xbf, 0x0, 0xc3, 0xf6, 0x3f, 0x80, 0x1f, 0xfc,
    0x91, 0xb7, 0x0, 0xff, 0x11, 0x0, 0x3f, 0x92,
    0xe0, 0x3, 0xf2, 0xef, 0x88, 0x7, 0xe5, 0x92,
    0x0, 0x84, 0x2, 0x20, 0xe, 0x30, 0x50, 0xa,
    0x80, 0x3a, 0x82, 0x9d, 0xad, 0xc0, 0x38, 0xac,
    0xa2, 0x3, 0xe2, 0x1, 0x80,

    /* U+1EA0 "Ạ" */
    0x0, 0xf5, 0xfd, 0x80, 0x7f, 0xc2, 0x80, 0x82,
    0x1, 0xfe, 0x60, 0x80, 0x60, 0xf, 0xf5, 0xb,
    0x85, 0x0, 0x7f, 0x11, 0x10, 0x14, 0x90, 0x3,
    0xf5, 0x7, 0x87, 0x7, 0x0, 0x7e, 0x60, 0x50,
    0x41, 0x51, 0x0, 0xf2, 0xa, 0x80, 0x4e, 0xc,
    0x1, 0xee, 0xe, 0x0, 0xa8, 0x28, 0x3, 0xca,
    0x17, 0xff, 0x60, 0x11, 0x80, 0x66, 0x3, 0x66,
    0xe4, 0xa, 0x0, 0xd4, 0x1f, 0x33, 0xd4, 0xc,
    0x1, 0x9, 0x91, 0x80, 0x70, 0xa0, 0x30, 0x1,
    0x81, 0x40, 0x3e, 0xe0, 0xa0, 0x5, 0x5, 0x0,
    0x7c, 0xa2, 0x64, 0x1b, 0xe4, 0x1, 0xfb, 0xbc,
    0x80, 0x3c, 0xff, 0x0, 0x1f, 0xfc, 0xf7, 0xe8,
    0x0, 0xf0,

    /* U+1EA1 "ạ" */
    0x0, 0x15, 0x77, 0xfb, 0x10, 0x2, 0x3d, 0x54,
    0x75, 0x3b, 0x40, 0x4, 0x6, 0x54, 0x55, 0x3,
    0x40, 0x1f, 0x26, 0x1, 0x20, 0x10, 0x1, 0x18,
    0x4d, 0xa3, 0x40, 0x30, 0xd7, 0x64, 0xb3, 0x0,
    0x36, 0x2b, 0x5f, 0x72, 0xc0, 0x23, 0x24, 0x94,
    0x10, 0x20, 0xe, 0x70, 0xd, 0xe0, 0x11, 0x9d,
    0x6f, 0x1c, 0x60, 0xc0, 0xd, 0x55, 0x42, 0xa6,
    0xa1, 0x8, 0xd, 0x77, 0xed, 0x15, 0xf8, 0x80,
    0x68, 0xf7, 0x0, 0xff, 0xe3, 0xc7, 0x38, 0x6,

    /* U+1EA2 "Ả" */
    0x0, 0xe5, 0xff, 0x59, 0x0, 0x7f, 0x97, 0xf5,
    0x64, 0x3, 0xff, 0x81, 0xe7, 0xe0, 0x1f, 0xfc,
    0xa, 0xd4, 0x0, 0xff, 0xae, 0x2c, 0x3, 0xfe,
    0x14, 0x4, 0x10, 0xf, 0xf3, 0x4, 0x3, 0x0,
    0x7f, 0xa8, 0x5c, 0x28, 0x3, 0xf8, 0x88, 0x80,
    0xa4, 0x80, 0x1f, 0xa8, 0x3c, 0x38, 0x38, 0x3,
    0xf3, 0x2, 0x82, 0xa, 0x88, 0x7, 0x90, 0x54,
    0x2, 0x70, 0x60, 0xf, 0x70, 0x70, 0x5, 0x41,
    0x40, 0x1e, 0x50, 0xbf, 0xfb, 0x0, 0x8c, 0x3,
    0x30, 0x1b, 0x37, 0x20, 0x50, 0x6, 0xa0, 0xf9,
    0x9e, 0xa0, 0x60, 0x8, 0x4c, 0x8c, 0x3, 0x85,
    0x1, 0x80, 0xc, 0xa, 0x1, 0xf7, 0x5, 0x0,
    0x28, 0x28, 0x3, 0xe5, 0x13, 0x20,

    /* U+1EA3 "ả" */
    0x0, 0x87, 0xb9, 0x88, 0x1, 0xe1, 0xcd, 0xb,
    0x0, 0xf8, 0x90, 0x8c, 0x3, 0xf6, 0xde, 0x0,
    0x7e, 0xa5, 0x0, 0xf1, 0x57, 0x7f, 0xb1, 0x0,
    0x23, 0xd5, 0x47, 0x53, 0xb4, 0x0, 0x40, 0x65,
    0x45, 0x50, 0x34, 0x1, 0xf2, 0x60, 0x12, 0x1,
    0x0, 0x11, 0x84, 0xda, 0x34, 0x3, 0xd, 0x76,
    0x4b, 0x30, 0x3, 0x62, 0xb5, 0xf7, 0x2c, 0x2,
    0x32, 0x49, 0x41, 0x2, 0x0, 0xe7, 0x0, 0xde,
    0x1, 0x19, 0xd6, 0xf1, 0xc6, 0xc, 0x0, 0xd5,
    0x54, 0x2a, 0x6a, 0x10, 0x80,

    /* U+1EA4 "Ấ" */
    0x0, 0xfc, 0x66, 0x0, 0xff, 0xe0, 0x67, 0x8,
    0x7, 0xfc, 0x8b, 0xe4, 0x1, 0xfc, 0x35, 0x3d,
    0xf2, 0x1, 0xfc, 0x34, 0xd0, 0xd2, 0x1, 0xfe,
    0x14, 0x4, 0x10, 0xf, 0xf3, 0x4, 0x3, 0x0,
    0x7f, 0xa8, 0x5c, 0x28, 0x3, 0xf8, 0x88, 0x80,
    0xa4, 0x80, 0x1f, 0xa8, 0x3c, 0x38, 0x38, 0x3,
    0xf3, 0x2, 0x82, 0xa, 0x88, 0x7, 0x90, 0x54,
    0x2, 0x70, 0x60, 0xf, 0x70, 0x70, 0x5, 0x41,
    0x40, 0x1e, 0x50, 0xbf, 0xfb, 0x0, 0x8c, 0x3,
    0x30, 0x1b, 0x37, 0x20, 0x50, 0x6, 0xa0, 0xf9,
    0x9e, 0xa0, 0x60, 0x8, 0x4c, 0x8c, 0x3, 0x85,
    0x1, 0x80, 0xc, 0xa, 0x1, 0xf7, 0x5, 0x0,
    0x28, 0x28, 0x3, 0xe5, 0x13, 0x20,

    /* U+1EA5 "ấ" */
    0x0, 0xe4, 0xdb, 0x0, 0xfd, 0x5, 0x20, 0x1f,
    0x21, 0xd1, 0x0, 0x7c, 0x9e, 0xa0, 0x1f, 0xb7,
    0xf0, 0x3, 0xe9, 0x26, 0x38, 0x0, 0xe3, 0x75,
    0x96, 0x61, 0x80, 0x63, 0xea, 0x9, 0xe3, 0x0,
    0xc5, 0x5d, 0xfe, 0xc4, 0x0, 0x8f, 0x55, 0x1d,
    0x4e, 0xd0, 0x1, 0x1, 0x95, 0x15, 0x40, 0xd0,
    0x7, 0xc9, 0x80, 0x48, 0x4, 0x0, 0x46, 0x13,
    0x68, 0xd0, 0xc, 0x35, 0xd9, 0x2c, 0xc0, 0xd,
    0x8a, 0xd7, 0xdc, 0xb0, 0x8, 0xc9, 0x25, 0x4,
    0x8, 0x3, 0x9c, 0x3, 0x78, 0x4, 0x67, 0x5b,
    0xc7, 0x18, 0x30, 0x3, 0x55, 0x50, 0xa9, 0xa8,
    0x42,

    /* U+1EA6 "Ầ" */
    0x0, 0xe3, 0x30, 0x7, 0xff, 0xb, 0xa8, 0x3,
    0xff, 0x80, 0x7c, 0x66, 0x0, 0xff, 0xd, 0x77,
    0x52, 0x1, 0xfc, 0x34, 0xd0, 0xd2, 0x1, 0xfe,
    0x14, 0x4, 0x10, 0xf, 0xf3, 0x4, 0x3, 0x0,
    0x7f, 0xa8, 0x5c, 0x28, 0x3, 0xf8, 0x88, 0x80,
    0xa4, 0x80, 0x1f, 0xa8, 0x3c, 0x38, 0x38, 0x3,
    0xf3, 0x2, 0x82, 0xa, 0x88, 0x7, 0x90, 0x54,
    0x2, 0x70, 0x60, 0xf, 0x70, 0x70, 0x5, 0x41,
    0x40, 0x1e, 0x50, 0xbf, 0xfb, 0x0, 0x8c, 0x3,
    0x30, 0x1b, 0x37, 0x20, 0x50, 0x6, 0xa0, 0xf9,
    0x9e, 0xa0, 0x60, 0x8, 0x4c, 0x8c, 0x3, 0x85,
    0x1, 0x80, 0xc, 0xa, 0x1, 0xf7, 0x5, 0x0,
    0x28, 0x28, 0x3, 0xe5, 0x13, 0x20,

    /* U+1EA7 "ầ" */
    0x0, 0xaf, 0x4c, 0x3, 0xf4, 0x14, 0x0, 0x7e,
    0x39, 0x42, 0x0, 0xfc, 0xde, 0x40, 0x1f, 0xb7,
    0xf0, 0x3, 0xe9, 0x26, 0x38, 0x0, 0xe3, 0x75,
    0x96, 0x61, 0x80, 0x63, 0xea, 0x9, 0xe3, 0x0,
    0xc5, 0x5d, 0xfe, 0xc4, 0x0, 0x8f, 0x55, 0x1d,
    0x4e, 0xd0, 0x1, 0x1, 0x95, 0x15, 0x40, 0xd0,
    0x7, 0xc9, 0x80, 0x48, 0x4, 0x0, 0x46, 0x13,
    0x68, 0xd0, 0xc, 0x35, 0xd9, 0x2c, 0xc0, 0xd,
    0x8a, 0xd7, 0xdc, 0xb0, 0x8, 0xc9, 0x25, 0x4,
    0x8, 0x3, 0x9c, 0x3, 0x78, 0x4, 0x67, 0x5b,
    0xc7, 0x18, 0x30, 0x3, 0x55, 0x50, 0xa9, 0xa8,
    0x42,

    /* U+1EA8 "Ẩ" */
    0x0, 0xe2, 0x9a, 0xa1, 0x80, 0x7f, 0x8a, 0x75,
    0x98, 0x1, 0xfe, 0x3b, 0xa7, 0x70, 0x7, 0xf0,
    0xa7, 0xef, 0x28, 0x7, 0xf0, 0xbf, 0xfb, 0x9c,
    0x3, 0xfc, 0x28, 0x8, 0x20, 0x1f, 0xe6, 0x8,
    0x6, 0x0, 0xff, 0x50, 0xb8, 0x50, 0x7, 0xf1,
    0x11, 0x1, 0x49, 0x0, 0x3f, 0x50, 0x78, 0x70,
    0x70, 0x7, 0xe6, 0x5, 0x4, 0x15, 0x10, 0xf,
    0x20, 0xa8, 0x4, 0xe0, 0xc0, 0x1e, 0xe0, 0xe0,
    0xa, 0x82, 0x80, 0x3c, 0xa1, 0x7f, 0xf6, 0x1,
    0x18, 0x6, 0x60, 0x36, 0x6e, 0x40, 0xa0, 0xd,
    0x41, 0xf3, 0x3d, 0x40, 0xc0, 0x10, 0x99, 0x18,
    0x7, 0xa, 0x3, 0x0, 0x18, 0x14, 0x3, 0xee,
    0xa, 0x0, 0x50, 0x50, 0x7, 0xca, 0x26, 0x40,

    /* U+1EA9 "ẩ" */
    0x0, 0x97, 0xfd, 0x64, 0x1, 0xe5, 0xfd, 0x5e,
    0x0, 0xfd, 0xe1, 0x20, 0x1f, 0x93, 0x94, 0x3,
    0xed, 0x6c, 0x0, 0xfa, 0x49, 0x8e, 0x0, 0x38,
    0xdd, 0x65, 0x98, 0x60, 0x18, 0xfa, 0x82, 0x78,
    0xc0, 0x31, 0x57, 0x7f, 0xb1, 0x0, 0x23, 0xd5,
    0x47, 0x53, 0xb4, 0x0, 0x40, 0x65, 0x45, 0x50,
    0x34, 0x1, 0xf2, 0x60, 0x12, 0x1, 0x0, 0x11,
    0x84, 0xda, 0x34, 0x3, 0xd, 0x76, 0x4b, 0x30,
    0x3, 0x62, 0xb5, 0xf7, 0x2c, 0x2, 0x32, 0x49,
    0x41, 0x2, 0x0, 0xe7, 0x0, 0xde, 0x1, 0x19,
    0xd6, 0xf1, 0xc6, 0xc, 0x0, 0xd5, 0x54, 0x2a,
    0x6a, 0x10, 0x80,

    /* U+1EAA "Ẫ" */
    0x0, 0xc5, 0x9d, 0x2, 0x96, 0x1, 0xfa, 0x27,
    0xc7, 0xaf, 0xc0, 0x3f, 0x5b, 0xc1, 0xb7, 0x20,
    0x7, 0xf2, 0xe5, 0x7b, 0x0, 0x7f, 0xb, 0xf7,
    0xeb, 0x80, 0x7f, 0x85, 0x1, 0x4, 0x3, 0xfc,
    0xc1, 0x0, 0xc0, 0x1f, 0xea, 0x17, 0xa, 0x0,
    0xfe, 0x22, 0x20, 0x29, 0x20, 0x7, 0xea, 0xf,
    0xe, 0xe, 0x0, 0xfc, 0xc0, 0xa0, 0x82, 0xa2,
    0x1, 0xe4, 0x15, 0x0, 0x9c, 0x18, 0x3, 0xdc,
    0x1c, 0x1, 0x50, 0x50, 0x7, 0x94, 0x2f, 0xfe,
    0xc0, 0x23, 0x0, 0xcc, 0x6, 0xcd, 0xc8, 0x14,
    0x1, 0xa8, 0x3e, 0x67, 0xa8, 0x18, 0x2, 0x13,
    0x23, 0x0, 0xe1, 0x40, 0x60, 0x3, 0x2, 0x80,
    0x7d, 0xc1, 0x40, 0xa, 0xa, 0x0, 0xf9, 0x44,
    0xc8,

    /* U+1EAB "ẫ" */
    0x0, 0xff, 0xe0, 0x96, 0xfd, 0x1d, 0xd8, 0x3,
    0x58, 0xd3, 0x62, 0x70, 0x6, 0xae, 0x5c, 0xc6,
    0xa8, 0x6, 0x32, 0xdf, 0xf1, 0x0, 0x7a, 0x49,
    0x8e, 0x0, 0x38, 0xdd, 0x65, 0x98, 0x60, 0x18,
    0xfa, 0x82, 0x78, 0xc0, 0x31, 0x57, 0x7f, 0xb1,
    0x0, 0x23, 0xd5, 0x47, 0x53, 0xb4, 0x0, 0x40,
    0x65, 0x45, 0x50, 0x34, 0x1, 0xf2, 0x60, 0x12,
    0x1, 0x0, 0x11, 0x84, 0xda, 0x34, 0x3, 0xd,
    0x76, 0x4b, 0x30, 0x3, 0x62, 0xb5, 0xf7, 0x2c,
    0x2, 0x32, 0x49, 0x41, 0x2, 0x0, 0xe7, 0x0,
    0xde, 0x1, 0x19, 0xd6, 0xf1, 0xc6, 0xc, 0x0,
    0xd5, 0x54, 0x2a, 0x6a, 0x10, 0x80,

    /* U+1EAC "Ậ" */
    0x0, 0xe1, 0x77, 0x30, 0x7, 0xf8, 0x58, 0x9c,
    0xd8, 0x3, 0xf8, 0x5f, 0xbf, 0x98, 0x3, 0xfc,
    0x28, 0x8, 0x20, 0x1f, 0xe6, 0x8, 0x6, 0x0,
    0xff, 0x50, 0xb8, 0x50, 0x7, 0xf1, 0x11, 0x1,
    0x49, 0x0, 0x3f, 0x50, 0x78, 0x70, 0x70, 0x7,
    0xe6, 0x5, 0x4, 0x15, 0x10, 0xf, 0x20, 0xa8,
    0x4, 0xe0, 0xc0, 0x1e, 0xe0, 0xe0, 0xa, 0x82,
    0x80, 0x3c, 0xa1, 0x7f, 0xf6, 0x1, 0x18, 0x6,
    0x60, 0x36, 0x6e, 0x40, 0xa0, 0xd, 0x41, 0xf3,
    0x3d, 0x40, 0xc0, 0x10, 0x99, 0x18, 0x7, 0xa,
    0x3, 0x0, 0x18, 0x14, 0x3, 0xee, 0xa, 0x0,
    0x50, 0x50, 0x7, 0xca, 0x26, 0x41, 0xbe, 0x40,
    0x1f, 0xbb, 0xc8, 0x3, 0xcf, 0xf0, 0x1, 0xff,
    0xcf, 0x7e, 0x80, 0xf, 0x0,

    /* U+1EAD "ậ" */
    0x0, 0xdb, 0xf8, 0x1, 0xf4, 0x93, 0x1c, 0x0,
    0x71, 0xba, 0xcb, 0x30, 0xc0, 0x31, 0xf5, 0x4,
    0xf1, 0x80, 0x62, 0xae, 0xff, 0x62, 0x0, 0x47,
    0xaa, 0x8e, 0xa7, 0x68, 0x0, 0x80, 0xca, 0x8a,
    0xa0, 0x68, 0x3, 0xe4, 0xc0, 0x24, 0x2, 0x0,
    0x23, 0x9, 0xb4, 0x68, 0x6, 0x1a, 0xec, 0x96,
    0x60, 0x6, 0xc5, 0x6b, 0xee, 0x58, 0x4, 0x64,
    0x92, 0x82, 0x4, 0x1, 0xce, 0x1, 0xbc, 0x2,
    0x33, 0xad, 0xe3, 0x8c, 0x18, 0x1, 0xaa, 0xa8,
    0x54, 0xd4, 0x21, 0x1, 0xae, 0xfd, 0xa2, 0xbf,
    0x10, 0xd, 0x1e, 0xe0, 0x1f, 0xfc, 0x78, 0xe7,
    0x0, 0xc0,

    /* U+1EAE "Ắ" */
    0x0, 0xf8, 0xe1, 0x40, 0x3f, 0xe2, 0xd0, 0x50,
    0xf, 0xf3, 0x1f, 0x42, 0x90, 0x7, 0xf1, 0xee,
    0x60, 0x88, 0x1, 0xfc, 0xae, 0x6e, 0xe0, 0xf,
    0xf0, 0xa0, 0x20, 0x80, 0x7f, 0x98, 0x20, 0x18,
    0x3, 0xfd, 0x42, 0xe1, 0x40, 0x1f, 0xc4, 0x44,
    0x5, 0x24, 0x0, 0xfd, 0x41, 0xe1, 0xc1, 0xc0,
    0x1f, 0x98, 0x14, 0x10, 0x54, 0x40, 0x3c, 0x82,
    0xa0, 0x13, 0x83, 0x0, 0x7b, 0x83, 0x80, 0x2a,
    0xa, 0x0, 0xf2, 0x85, 0xff, 0xd8, 0x4, 0x60,
    0x19, 0x80, 0xd9, 0xb9, 0x2, 0x80, 0x35, 0x7,
    0xcc, 0xf5, 0x3, 0x0, 0x42, 0x64, 0x60, 0x1c,
    0x28, 0xc, 0x0, 0x60, 0x50, 0xf, 0xb8, 0x28,
    0x1, 0x41, 0x40, 0x1f, 0x28, 0x99, 0x0,

    /* U+1EAF "ắ" */
    0x0, 0xe5, 0xda, 0x0, 0xfd, 0x25, 0x0, 0x1f,
    0x21, 0xd9, 0x0, 0x7c, 0x9e, 0x80, 0x1f, 0x7b,
    0x81, 0x6b, 0x80, 0x75, 0x47, 0xeb, 0x38, 0x7,
    0x2f, 0xef, 0x58, 0x7, 0xe2, 0x10, 0xf, 0x15,
    0x77, 0xfb, 0x10, 0x2, 0x3d, 0x54, 0x75, 0x3b,
    0x40, 0x4, 0x6, 0x54, 0x55, 0x3, 0x40, 0x1f,
    0x26, 0x1, 0x20, 0x10, 0x1, 0x18, 0x4d, 0xa3,
    0x40, 0x30, 0xd7, 0x64, 0xb3, 0x0, 0x36, 0x2b,
    0x5f, 0x72, 0xc0, 0x23, 0x24, 0x94, 0x10, 0x20,
    0xe, 0x70, 0xd, 0xe0, 0x11, 0x9d, 0x6f, 0x1c,
    0x60, 0xc0, 0xd, 0x55, 0x42, 0xa6, 0xa1, 0x8,

    /* U+1EB0 "Ằ" */
    0x0, 0xe5, 0x82, 0x0, 0xff, 0xe0, 0x28, 0xf8,
    0x80, 0x7f, 0xcd, 0x1a, 0x2a, 0x40, 0x1f, 0xc7,
    0xb9, 0x82, 0x20, 0x7, 0xf2, 0xb9, 0xbb, 0x80,
    0x3f, 0xc2, 0x80, 0x82, 0x1, 0xfe, 0x60, 0x80,
    0x60, 0xf, 0xf5, 0xb, 0x85, 0x0, 0x7f, 0x11,
    0x10, 0x14, 0x90, 0x3, 0xf5, 0x7, 0x87, 0x7,
    0x0, 0x7e, 0x60, 0x50, 0x41, 0x51, 0x0, 0xf2,
    0xa, 0x80, 0x4e, 0xc, 0x1, 0xee, 0xe, 0x0,
    0xa8, 0x28, 0x3, 0xca, 0x17, 0xff, 0x60, 0x11,
    0x80, 0x66, 0x3, 0x66, 0xe4, 0xa, 0x0, 0xd4,
    0x1f, 0x33, 0xd4, 0xc, 0x1, 0x9, 0x91, 0x80,
    0x70, 0xa0, 0x30, 0x1, 0x81, 0x40, 0x3e, 0xe0,
    0xa0, 0x5, 0x5, 0x0, 0x7c, 0xa2, 0x64,

    /* U+1EB1 "ằ" */
    0x0, 0x9b, 0x64, 0x3, 0xf3, 0x34, 0x40, 0x1f,
    0xa8, 0x60, 0x3, 0xf0, 0xf5, 0x0, 0x7d, 0xee,
    0x5, 0xae, 0x1, 0xd5, 0x1f, 0xac, 0xe0, 0x1c,
    0xbf, 0xbd, 0x60, 0x1f, 0x88, 0x40, 0x3c, 0x55,
    0xdf, 0xec, 0x40, 0x8, 0xf5, 0x51, 0xd4, 0xed,
    0x0, 0x10, 0x19, 0x51, 0x54, 0xd, 0x0, 0x7c,
    0x98, 0x4, 0x80, 0x40, 0x4, 0x61, 0x36, 0x8d,
    0x0, 0xc3, 0x5d, 0x92, 0xcc, 0x0, 0xd8, 0xad,
    0x7d, 0xcb, 0x0, 0x8c, 0x92, 0x50, 0x40, 0x80,
    0x39, 0xc0, 0x37, 0x80, 0x46, 0x75, 0xbc, 0x71,
    0x83, 0x0, 0x35, 0x55, 0xa, 0x9a, 0x84, 0x20,

    /* U+1EB2 "Ẳ" */
    0x0, 0xe2, 0x9a, 0xa1, 0x0, 0x7f, 0x8a, 0x71,
    0x1c, 0x3, 0xfd, 0x2, 0xbc, 0x44, 0x0, 0xfe,
    0xca, 0xfc, 0x12, 0x0, 0xfe, 0x40, 0x37, 0x60,
    0xf, 0xf0, 0xa0, 0x20, 0x80, 0x7f, 0x98, 0x20,
    0x18, 0x3, 0xfd, 0x42, 0xe1, 0x40, 0x1f, 0xc4,
    0x44, 0x5, 0x24, 0x0, 0xfd, 0x41, 0xe1, 0xc1,
    0xc0, 0x1f, 0x98, 0x14, 0x10, 0x54, 0x40, 0x3c,
    0x82, 0xa0, 0x13, 0x83, 0x0, 0x7b, 0x83, 0x80,
    0x2a, 0xa, 0x0, 0xf2, 0x85, 0xff, 0xd8, 0x4,
    0x60, 0x19, 0x80, 0xd9, 0xb9, 0x2, 0x80, 0x35,
    0x7, 0xcc, 0xf5, 0x3, 0x0, 0x42, 0x64, 0x60,
    0x1c, 0x28, 0xc, 0x0, 0x60, 0x50, 0xf, 0xb8,
    0x28, 0x1, 0x41, 0x40, 0x1f, 0x28, 0x99, 0x0,

    /* U+1EB3 "ẳ" */
    0x0, 0x8b, 0xfd, 0x88, 0x1, 0xe2, 0xfe, 0xb,
    0x0, 0xfd, 0x45, 0x0, 0x1f, 0xb7, 0xdc, 0x3,
    0xde, 0xec, 0x7a, 0xe0, 0x1d, 0x51, 0xfa, 0xce,
    0x1, 0xcb, 0xfb, 0xd6, 0x1, 0xf8, 0x84, 0x3,
    0xc5, 0x5d, 0xfe, 0xc4, 0x0, 0x8f, 0x55, 0x1d,
    0x4e, 0xd0, 0x1, 0x1, 0x95, 0x15, 0x40, 0xd0,
    0x7, 0xc9, 0x80, 0x48, 0x4, 0x0, 0x46, 0x13,
    0x68, 0xd0, 0xc, 0x35, 0xd9, 0x2c, 0xc0, 0xd,
    0x8a, 0xd7, 0xdc, 0xb0, 0x8, 0xc9, 0x25, 0x4,
    0x8, 0x3, 0x9c, 0x3, 0x78, 0x4, 0x67, 0x5b,
    0xc7, 0x18, 0x30, 0x3, 0x55, 0x50, 0xa9, 0xa8,
    0x42,

    /* U+1EB4 "Ẵ" */
    0x0, 0xeb, 0xe9, 0x11, 0x70, 0x7, 0xe6, 0x3e,
    0xe7, 0xf4, 0x80, 0x7e, 0x70, 0x17, 0xf8, 0x50,
    0xf, 0xc3, 0x95, 0x9a, 0x24, 0x1, 0xfc, 0x80,
    0x6e, 0xc0, 0x1f, 0xe1, 0x40, 0x41, 0x0, 0xff,
    0x30, 0x40, 0x30, 0x7, 0xfa, 0x85, 0xc2, 0x80,
    0x3f, 0x88, 0x88, 0xa, 0x48, 0x1, 0xfa, 0x83,
    0xc3, 0x83, 0x80, 0x3f, 0x30, 0x28, 0x20, 0xa8,
    0x80, 0x79, 0x5, 0x40, 0x27, 0x6, 0x0, 0xf7,
    0x7, 0x0, 0x54, 0x14, 0x1, 0xe5, 0xb, 0xff,
    0xb0, 0x8, 0xc0, 0x33, 0x1, 0xb3, 0x72, 0x5,
    0x0, 0x6a, 0xf, 0x99, 0xea, 0x6, 0x0, 0x84,
    0xc8, 0xc0, 0x38, 0x50, 0x18, 0x0, 0xc0, 0xa0,
    0x1f, 0x70, 0x50, 0x2, 0x82, 0x80, 0x3e, 0x51,
    0x32,

    /* U+1EB5 "ẵ" */
    0x0, 0xfc, 0x20, 0x1d, 0x5f, 0xaa, 0xdc, 0x20,
    0x11, 0xac, 0xa5, 0x4a, 0x8, 0x4, 0x56, 0xd3,
    0xd7, 0x60, 0xc, 0x36, 0xe0, 0x72, 0xe0, 0x1d,
    0x51, 0xfa, 0xce, 0x1, 0xcb, 0xfb, 0xd6, 0x1,
    0xf8, 0x84, 0x3, 0xc5, 0x5d, 0xfe, 0xc4, 0x0,
    0x8f, 0x55, 0x1d, 0x4e, 0xd0, 0x1, 0x1, 0x95,
    0x15, 0x40, 0xd0, 0x7, 0xc9, 0x80, 0x48, 0x4,
    0x0, 0x46, 0x13, 0x68, 0xd0, 0xc, 0x35, 0xd9,
    0x2c, 0xc0, 0xd, 0x8a, 0xd7, 0xdc, 0xb0, 0x8,
    0xc9, 0x25, 0x4, 0x8, 0x3, 0x9c, 0x3, 0x78,
    0x4, 0x67, 0x5b, 0xc7, 0x18, 0x30, 0x3, 0x55,
    0x50, 0xa9, 0xa8, 0x42,

    /* U+1EB6 "Ặ" */
    0x0, 0xe6, 0x10, 0x2, 0x90, 0x7, 0xf1, 0xee,
    0x60, 0x88, 0x1, 0xfc, 0xae, 0x6e, 0xe0, 0xf,
    0xf0, 0xa0, 0x20, 0x80, 0x7f, 0x98, 0x20, 0x18,
    0x3, 0xfd, 0x42, 0xe1, 0x40, 0x1f, 0xc4, 0x44,
    0x5, 0x24, 0x0, 0xfd, 0x41, 0xe1, 0xc1, 0xc0,
    0x1f, 0x98, 0x14, 0x10, 0x54, 0x40, 0x3c, 0x82,
    0xa0, 0x13, 0x83, 0x0, 0x7b, 0x83, 0x80, 0x2a,
    0xa, 0x0, 0xf2, 0x85, 0xff, 0xd8, 0x4, 0x60,
    0x19, 0x80, 0xd9, 0xb9, 0x2, 0x80, 0x35, 0x7,
    0xcc, 0xf5, 0x3, 0x0, 0x42, 0x64, 0x60, 0x1c,
    0x28, 0xc, 0x0, 0x60, 0x50, 0xf, 0xb8, 0x28,
    0x1, 0x41, 0x40, 0x1f, 0x28, 0x99, 0x6, 0xf9,
    0x0, 0x7e, 0xef, 0x20, 0xf, 0x3f, 0xc0, 0x7,
    0xff, 0x3d, 0xfa, 0x0, 0x3c,

    /* U+1EB7 "ặ" */
    0x0, 0xbd, 0xc0, 0xb5, 0xc0, 0x3a, 0xa3, 0xf5,
    0x9c, 0x3, 0x97, 0xf7, 0xac, 0x3, 0xf1, 0x8,
    0x7, 0x8a, 0xbb, 0xfd, 0x88, 0x1, 0x1e, 0xaa,
    0x3a, 0x9d, 0xa0, 0x2, 0x3, 0x2a, 0x2a, 0x81,
    0xa0, 0xf, 0x93, 0x0, 0x90, 0x8, 0x0, 0x8c,
    0x26, 0xd1, 0xa0, 0x18, 0x6b, 0xb2, 0x59, 0x80,
    0x1b, 0x15, 0xaf, 0xb9, 0x60, 0x11, 0x92, 0x4a,
    0x8, 0x10, 0x7, 0x38, 0x6, 0xf0, 0x8, 0xce,
    0xb7, 0x8e, 0x30, 0x60, 0x6, 0xaa, 0xa1, 0x53,
    0x50, 0x84, 0x6, 0xbb, 0xf6, 0x8a, 0xfc, 0x40,
    0x34, 0x7b, 0x80, 0x7f, 0xf1, 0xe3, 0x9c, 0x3,
    0x0,

    /* U+1EB8 "Ẹ" */
    0x6f, 0xff, 0xf0, 0x4, 0x46, 0x7f, 0x20, 0x5,
    0x59, 0x9f, 0x58, 0x7, 0xff, 0x6e, 0xb3, 0x3e,
    0x40, 0x8, 0x8c, 0xfe, 0x20, 0xa, 0x3f, 0xfe,
    0x60, 0xf, 0xff, 0x3d, 0x66, 0x7e, 0x30, 0x1,
    0x19, 0xfe, 0x76, 0xff, 0xff, 0x20, 0x6, 0x1f,
    0xe0, 0xf, 0xfe, 0x48, 0xf7, 0x80, 0x70,

    /* U+1EB9 "ẹ" */
    0x0, 0xa3, 0x7f, 0xa4, 0x40, 0x21, 0xd7, 0x17,
    0x46, 0xc1, 0x0, 0x41, 0x46, 0x45, 0x59, 0x58,
    0x1, 0x85, 0xc0, 0x24, 0x35, 0x2, 0x3, 0x88,
    0xe0, 0x1, 0x88, 0x13, 0xbf, 0x18, 0x38, 0x1,
    0x7f, 0xfe, 0x43, 0x7, 0x0, 0xe6, 0x70, 0x2,
    0x94, 0x0, 0x47, 0x34, 0x0, 0xb2, 0x7c, 0x8a,
    0xc0, 0xe0, 0x0, 0xe3, 0x8b, 0xa2, 0xe9, 0x80,
    0x43, 0x1b, 0xfd, 0x44, 0x1, 0xe5, 0xfa, 0x0,
    0xff, 0xe3, 0xaf, 0x50, 0x6,

    /* U+1EBA "Ẻ" */
    0x0, 0xdf, 0xed, 0x60, 0xf, 0xdf, 0xe7, 0x92,
    0x0, 0xfd, 0x8, 0xc4, 0x1, 0xfb, 0x75, 0x20,
    0x19, 0xbf, 0xf5, 0x67, 0xfe, 0x0, 0x88, 0xcf,
    0xe4, 0x0, 0xab, 0x33, 0xeb, 0x0, 0xff, 0xed,
    0xd6, 0x67, 0xc8, 0x1, 0x11, 0x9f, 0xc4, 0x1,
    0x47, 0xff, 0xcc, 0x1, 0xff, 0xe7, 0xac, 0xcf,
    0xc6, 0x0, 0x23, 0x3f, 0xce,

    /* U+1EBB "ẻ" */
    0x0, 0x8f, 0xb9, 0x66, 0x1, 0xe3, 0xcd, 0x6e,
    0x0, 0xf8, 0xac, 0x9c, 0x3, 0xf2, 0x5d, 0x0,
    0x7e, 0xc4, 0x0, 0xfa, 0x37, 0xfa, 0x44, 0x2,
    0x1d, 0x71, 0x74, 0x6c, 0x10, 0x4, 0x14, 0x64,
    0x55, 0x95, 0x80, 0x18, 0x5c, 0x2, 0x43, 0x50,
    0x20, 0x38, 0x8e, 0x0, 0x18, 0x81, 0x3b, 0xf1,
    0x83, 0x80, 0x17, 0xff, 0xe4, 0x30, 0x70, 0xe,
    0x67, 0x0, 0x29, 0x40, 0x4, 0x73, 0x40, 0xb,
    0x27, 0xc8, 0xac, 0xe, 0x0, 0xe, 0x38, 0xba,
    0x2e, 0x98, 0x0,

    /* U+1EBC "Ẽ" */
    0x0, 0xfc, 0x20, 0x1e, 0x7f, 0xe6, 0x4e, 0x30,
    0xc, 0x30, 0xed, 0x36, 0x46, 0x1, 0x86, 0xa2,
    0x1d, 0x7a, 0x1, 0x37, 0xfa, 0xbf, 0xdd, 0x7f,
    0xf0, 0x4, 0x46, 0x7f, 0x20, 0x5, 0x59, 0x9f,
    0x58, 0x7, 0xff, 0x6e, 0xb3, 0x3e, 0x40, 0x8,
    0x8c, 0xfe, 0x20, 0xa, 0x3f, 0xfe, 0x60, 0xf,
    0xff, 0x3d, 0x66, 0x7e, 0x30, 0x1, 0x19, 0xfe,
    0x70,

    /* U+1EBD "ẽ" */
    0x0, 0xaf, 0xe8, 0xe3, 0x40, 0x33, 0xa4, 0x36,
    0x3d, 0x0, 0x65, 0xc7, 0xcd, 0xc7, 0x0, 0xc4,
    0x60, 0x2, 0x30, 0xf, 0x46, 0xff, 0x48, 0x80,
    0x43, 0xae, 0x2e, 0x8d, 0x82, 0x0, 0x82, 0x8c,
    0x8a, 0xb2, 0xb0, 0x3, 0xb, 0x80, 0x48, 0x6a,
    0x4, 0x7, 0x11, 0xc0, 0x3, 0x10, 0x27, 0x7e,
    0x30, 0x70, 0x2, 0xff, 0xfc, 0x86, 0xe, 0x1,
    0xcc, 0xe0, 0x5, 0x28, 0x0, 0x8e, 0x68, 0x1,
    0x64, 0xf9, 0x15, 0x81, 0xc0, 0x1, 0xc7, 0x17,
    0x45, 0xd3, 0x0,

    /* U+1EBE "Ế" */
    0x0, 0xf1, 0x98, 0x3, 0xf9, 0xf1, 0x80, 0x3f,
    0x17, 0x52, 0x80, 0x7c, 0xf9, 0xdc, 0xc2, 0x0,
    0x9b, 0xfd, 0x3, 0x8, 0x7b, 0xfe, 0x0, 0x88,
    0xcf, 0xe4, 0x0, 0xab, 0x33, 0xeb, 0x0, 0xff,
    0xed, 0xd6, 0x67, 0xc8, 0x1, 0x11, 0x9f, 0xc4,
    0x1, 0x47, 0xff, 0xcc, 0x1, 0xff, 0xe7, 0xac,
    0xcf, 0xc6, 0x0, 0x23, 0x3f, 0xce,

    /* U+1EBF "ế" */
    0x0, 0xe4, 0xdb, 0x0, 0xfd, 0x5, 0x20, 0x1f,
    0x19, 0xa8, 0x80, 0x3e, 0x3f, 0x50, 0xf, 0xd9,
    0xf8, 0x1, 0xf4, 0x9b, 0x1c, 0x0, 0x71, 0xba,
    0xcb, 0x30, 0xc0, 0x31, 0xf5, 0x4, 0xf1, 0x80,
    0x74, 0x6f, 0xf4, 0x88, 0x4, 0x3a, 0xe2, 0xe8,
    0xd8, 0x20, 0x8, 0x28, 0xc8, 0xab, 0x2b, 0x0,
    0x30, 0xb8, 0x4, 0x86, 0xa0, 0x40, 0x71, 0x1c,
    0x0, 0x31, 0x2, 0x77, 0xe3, 0x7, 0x0, 0x2f,
    0xff, 0xc8, 0x60, 0xe0, 0x1c, 0xce, 0x0, 0x52,
    0x80, 0x8, 0xe6, 0x80, 0x16, 0x4f, 0x91, 0x58,
    0x1c, 0x0, 0x1c, 0x71, 0x74, 0x5d, 0x30,

    /* U+1EC0 "Ề" */
    0x0, 0x88, 0xc4, 0x3, 0xf8, 0xe3, 0xc4, 0x3,
    0xf0, 0xd3, 0x38, 0x7, 0xe7, 0xff, 0x6e, 0x10,
    0x4, 0xdf, 0xe8, 0x18, 0x43, 0xdf, 0xf0, 0x4,
    0x46, 0x7f, 0x20, 0x5, 0x59, 0x9f, 0x58, 0x7,
    0xff, 0x6e, 0xb3, 0x3e, 0x40, 0x8, 0x8c, 0xfe,
    0x20, 0xa, 0x3f, 0xfe, 0x60, 0xf, 0xff, 0x3d,
    0x66, 0x7e, 0x30, 0x1, 0x19, 0xfe, 0x70,

    /* U+1EC1 "ề" */
    0x0, 0xaf, 0x4c, 0x3, 0xf4, 0x14, 0x0, 0x7e,
    0x39, 0x42, 0x0, 0xfc, 0xde, 0x40, 0x1f, 0xb3,
    0xf0, 0x3, 0xe9, 0x36, 0x38, 0x0, 0xe3, 0x75,
    0x96, 0x61, 0x80, 0x63, 0xea, 0x9, 0xe3, 0x0,
    0xe8, 0xdf, 0xe9, 0x10, 0x8, 0x75, 0xc5, 0xd1,
    0xb0, 0x40, 0x10, 0x51, 0x91, 0x56, 0x56, 0x0,
    0x61, 0x70, 0x9, 0xd, 0x40, 0x80, 0xe2, 0x38,
    0x0, 0x62, 0x4, 0xef, 0xc6, 0xe, 0x0, 0x5f,
    0xff, 0x90, 0xc1, 0xc0, 0x39, 0x9c, 0x0, 0xa5,
    0x0, 0x11, 0xcd, 0x0, 0x2c, 0x9f, 0x22, 0xb0,
    0x38, 0x0, 0x38, 0xe2, 0xe8, 0xba, 0x60,

    /* U+1EC2 "Ể" */
    0x0, 0xd3, 0x54, 0x40, 0xf, 0xd3, 0xec, 0x60,
    0x1f, 0xc, 0xc0, 0x18, 0x7, 0xcf, 0xfb, 0xe6,
    0x40, 0x13, 0x7f, 0xa6, 0x5f, 0x91, 0xbf, 0xe0,
    0x8, 0x8c, 0xfe, 0x40, 0xa, 0xb3, 0x3e, 0xb0,
    0xf, 0xfe, 0xdd, 0x66, 0x7c, 0x80, 0x11, 0x19,
    0xfc, 0x40, 0x14, 0x7f, 0xfc, 0xc0, 0x1f, 0xfe,
    0x7a, 0xcc, 0xfc, 0x60, 0x2, 0x33, 0xfc, 0xe0,

    /* U+1EC3 "ể" */
    0x0, 0x97, 0xfd, 0x64, 0x1, 0xe5, 0xfd, 0x5e,
    0x0, 0xfd, 0xe1, 0x20, 0x1f, 0x93, 0x94, 0x3,
    0xec, 0x6c, 0x0, 0xfa, 0x4d, 0x8e, 0x0, 0x38,
    0xdd, 0x65, 0x98, 0x60, 0x18, 0xfa, 0x82, 0x78,
    0xc0, 0x3a, 0x37, 0xfa, 0x44, 0x2, 0x1d, 0x71,
    0x74, 0x6c, 0x10, 0x4, 0x14, 0x64, 0x55, 0x95,
    0x80, 0x18, 0x5c, 0x2, 0x43, 0x50, 0x20, 0x38,
    0x8e, 0x0, 0x18, 0x81, 0x3b, 0xf1, 0x83, 0x80,
    0x17, 0xff, 0xe4, 0x30, 0x70, 0xe, 0x67, 0x0,
    0x29, 0x40, 0x4, 0x73, 0x40, 0xb, 0x27, 0xc8,
    0xac, 0xe, 0x0, 0xe, 0x38, 0xba, 0x2e, 0x98,
    0x0,

    /* U+1EC4 "Ễ" */
    0x0, 0xaf, 0xa4, 0x45, 0xc0, 0x1c, 0xc7, 0xdc,
    0xfe, 0x90, 0xe, 0x69, 0x7d, 0x4b, 0x70, 0xf,
    0x38, 0x54, 0xe1, 0x0, 0x4d, 0xfe, 0x98, 0xfc,
    0x7d, 0xff, 0x0, 0x44, 0x67, 0xf2, 0x0, 0x55,
    0x99, 0xf5, 0x80, 0x7f, 0xf6, 0xeb, 0x33, 0xe4,
    0x0, 0x88, 0xcf, 0xe2, 0x0, 0xa3, 0xff, 0xe6,
    0x0, 0xff, 0xf3, 0xd6, 0x67, 0xe3, 0x0, 0x11,
    0x9f, 0xe7,

    /* U+1EC5 "ễ" */
    0x0, 0xff, 0xe0, 0x96, 0xfd, 0x1d, 0xd8, 0x3,
    0x58, 0xd3, 0x62, 0x70, 0x6, 0xae, 0x5c, 0xc6,
    0xa8, 0x6, 0x32, 0xcf, 0xf1, 0x0, 0x7a, 0x4d,
    0x8e, 0x0, 0x38, 0xdd, 0x65, 0x98, 0x60, 0x18,
    0xfa, 0x82, 0x78, 0xc0, 0x3a, 0x37, 0xfa, 0x44,
    0x2, 0x1d, 0x71, 0x74, 0x6c, 0x10, 0x4, 0x14,
    0x64, 0x55, 0x95, 0x80, 0x18, 0x5c, 0x2, 0x43,
    0x50, 0x20, 0x38, 0x8e, 0x0, 0x18, 0x81, 0x3b,
    0xf1, 0x83, 0x80, 0x17, 0xff, 0xe4, 0x30, 0x70,
    0xe, 0x67, 0x0, 0x29, 0x40, 0x4, 0x73, 0x40,
    0xb, 0x27, 0xc8, 0xac, 0xe, 0x0, 0xe, 0x38,
    0xba, 0x2e, 0x98, 0x0,

    /* U+1EC6 "Ệ" */
    0x0, 0xca, 0xee, 0x20, 0xf, 0x94, 0xdd, 0x14,
    0x80, 0x26, 0xff, 0x54, 0xfe, 0x46, 0xff, 0x80,
    0x22, 0x33, 0xf9, 0x0, 0x2a, 0xcc, 0xfa, 0xc0,
    0x3f, 0xfb, 0x75, 0x99, 0xf2, 0x0, 0x44, 0x67,
    0xf1, 0x0, 0x51, 0xff, 0xf3, 0x0, 0x7f, 0xf9,
    0xeb, 0x33, 0xf1, 0x80, 0x8, 0xcf, 0xf3, 0xb7,
    0xff, 0xf9, 0x0, 0x30, 0xff, 0x0, 0x7f, 0xf2,
    0x47, 0xbc, 0x3, 0x80,

    /* U+1EC7 "ệ" */
    0x0, 0xd9, 0xf8, 0x1, 0xf4, 0x9b, 0x1c, 0x0,
    0x71, 0xba, 0xcb, 0x30, 0xc0, 0x31, 0xf5, 0x4,
    0xf1, 0x80, 0x74, 0x6f, 0xf4, 0x88, 0x4, 0x3a,
    0xe2, 0xe8, 0xd8, 0x20, 0x8, 0x28, 0xc8, 0xab,
    0x2b, 0x0, 0x30, 0xb8, 0x4, 0x86, 0xa0, 0x40,
    0x71, 0x1c, 0x0, 0x31, 0x2, 0x77, 0xe3, 0x7,
    0x0, 0x2f, 0xff, 0xc8, 0x60, 0xe0, 0x1c, 0xce,
    0x0, 0x52, 0x80, 0x8, 0xe6, 0x80, 0x16, 0x4f,
    0x91, 0x58, 0x1c, 0x0, 0x1c, 0x71, 0x74, 0x5d,
    0x30, 0x8, 0x63, 0x7f, 0xa8, 0x80, 0x3c, 0xbf,
    0x40, 0x1f, 0xfc, 0x75, 0xea, 0x0, 0xc0,

    /* U+1EC8 "Ỉ" */
    0xf, 0xf6, 0xb0, 0x3, 0xfc, 0xf2, 0x20, 0x8,
    0x46, 0x10, 0x6, 0xea, 0x40, 0x5, 0x5e, 0x1,
    0xff, 0xff, 0x0, 0xff, 0x80,

    /* U+1EC9 "ỉ" */
    0x9e, 0xd9, 0x8, 0xcb, 0x67, 0x11, 0x50, 0xa0,
    0x1, 0x38, 0xc0, 0xe0, 0x2, 0xaf, 0x10, 0xf,
    0xff, 0x38,

    /* U+1ECA "Ị" */
    0x2f, 0xc0, 0xf, 0xfe, 0xf1, 0x7e, 0x1f, 0xe8,
    0x4, 0x7d, 0x80,

    /* U+1ECB "ị" */
    0xaf, 0x10, 0xa, 0xf8, 0x46, 0xa, 0xf1, 0x0,
    0xff, 0xe9, 0x57, 0x8e, 0x79, 0x80, 0x59, 0xc6,

    /* U+1ECC "Ọ" */
    0x0, 0xc5, 0x3b, 0xfd, 0x8c, 0x1, 0xf3, 0xeb,
    0x1a, 0x11, 0xce, 0x90, 0x6, 0x78, 0x1b, 0xeb,
    0xce, 0x72, 0xc1, 0x0, 0x14, 0xf, 0xa0, 0x4,
    0x30, 0xe3, 0x40, 0xa, 0x9, 0x10, 0xf, 0x40,
    0xa0, 0x82, 0x2, 0x80, 0x7e, 0x70, 0x70, 0x30,
    0x20, 0xf, 0xde, 0x1c, 0x1, 0xff, 0xc0, 0x30,
    0x20, 0xf, 0xfe, 0x11, 0x1, 0x81, 0x0, 0x7e,
    0xd0, 0xe0, 0x40, 0x50, 0xf, 0xca, 0x8, 0x12,
    0x12, 0x40, 0x1e, 0x72, 0x42, 0x1, 0x91, 0xc4,
    0x0, 0xd1, 0x0, 0x90, 0x9, 0xa4, 0x6f, 0x6e,
    0xde, 0xe5, 0x84, 0x1, 0x9b, 0x58, 0x11, 0x4e,
    0x74, 0xc0, 0x3c, 0x53, 0xbf, 0xd8, 0xc0, 0x1f,
    0xe4, 0xfb, 0x0, 0xff, 0xe7, 0xa7, 0x58, 0x7,
    0x80,

    /* U+1ECD "ọ" */
    0x0, 0xc, 0xf7, 0xf4, 0x88, 0x4, 0x3e, 0xc4,
    0xca, 0xde, 0x40, 0xa, 0x19, 0xc9, 0xb9, 0x19,
    0x1, 0x43, 0x60, 0x9, 0x8d, 0x9, 0x41, 0x0,
    0x39, 0x1, 0x80, 0x1e, 0x1, 0xde, 0x2, 0x0,
    0xe0, 0xe, 0xf0, 0x15, 0x4, 0x0, 0xe4, 0x5,
    0x14, 0x26, 0x0, 0x98, 0xcc, 0x21, 0x23, 0x37,
    0x17, 0x23, 0xc0, 0x2, 0xf6, 0x57, 0x56, 0xf2,
    0x0, 0x86, 0x7b, 0xfa, 0x44, 0x3, 0xd1, 0xee,
    0x1, 0xff, 0xc7, 0x8e, 0x70, 0xc,

    /* U+1ECE "Ỏ" */
    0x0, 0xf7, 0xfb, 0x54, 0x3, 0xfe, 0xff, 0x3d,
    0x8, 0x7, 0xfc, 0xea, 0x62, 0x1, 0xff, 0x7d,
    0x60, 0x7, 0xf1, 0x4e, 0xbd, 0xe3, 0x0, 0x7c,
    0xfa, 0xc6, 0x84, 0x73, 0xa4, 0x1, 0x9e, 0x6,
    0xfa, 0xf3, 0x9c, 0xb0, 0x40, 0x5, 0x3, 0xe8,
    0x1, 0xc, 0x38, 0xd0, 0x2, 0x82, 0x44, 0x3,
    0xd0, 0x28, 0x20, 0x80, 0xa0, 0x1f, 0x9c, 0x1c,
    0xc, 0x8, 0x3, 0xf7, 0x87, 0x0, 0x7f, 0xf0,
    0xc, 0x8, 0x3, 0xff, 0x84, 0x40, 0x60, 0x40,
    0x1f, 0xb4, 0x38, 0x10, 0x14, 0x3, 0xf2, 0x82,
    0x4, 0x84, 0x90, 0x7, 0x9c, 0x90, 0x80, 0x64,
    0x71, 0x0, 0x34, 0x40, 0x24, 0x2, 0x69, 0x1b,
    0xdb, 0xb7, 0xb9, 0x61, 0x0, 0x66, 0xd6, 0x4,
    0x53, 0x9d, 0x30, 0x0,

    /* U+1ECF "ỏ" */
    0x0, 0x8f, 0xb9, 0x66, 0x1, 0xe3, 0xcd, 0x6e,
    0x0, 0xf8, 0xac, 0x9c, 0x3, 0xf2, 0x5d, 0x0,
    0x7e, 0xc4, 0x0, 0xf0, 0xcf, 0x7f, 0x48, 0x80,
    0x43, 0xec, 0x4c, 0xad, 0xe4, 0x0, 0xa1, 0x9c,
    0x9b, 0x91, 0x90, 0x14, 0x36, 0x0, 0x98, 0xd0,
    0x94, 0x10, 0x3, 0x90, 0x18, 0x1, 0xe0, 0x1d,
    0xe0, 0x20, 0xe, 0x0, 0xef, 0x1, 0x50, 0x40,
    0xe, 0x40, 0x51, 0x42, 0x60, 0x9, 0x8c, 0xc2,
    0x12, 0x33, 0x71, 0x72, 0x3c, 0x0, 0x2f, 0x65,
    0x75, 0x6f, 0x20,

    /* U+1ED0 "Ố" */
    0x0, 0xf8, 0xfe, 0x84, 0x3, 0xfe, 0xb9, 0xa1,
    0x0, 0xfe, 0x3c, 0x3b, 0x91, 0x0, 0xff, 0x75,
    0xed, 0x18, 0x7, 0xe2, 0xaf, 0xf7, 0x7a, 0x0,
    0x7c, 0xfa, 0xc6, 0x84, 0x73, 0xa4, 0x1, 0x9e,
    0x6, 0xfa, 0xf3, 0x9c, 0xb0, 0x40, 0x5, 0x3,
    0xe8, 0x1, 0xc, 0x38, 0xd0, 0x2, 0x82, 0x44,
    0x3, 0xd0, 0x28, 0x20, 0x80, 0xa0, 0x1f, 0x9c,
    0x1c, 0xc, 0x8, 0x3, 0xf7, 0x87, 0x0, 0x7f,
    0xf0, 0xc, 0x8, 0x3, 0xff, 0x84, 0x40, 0x60,
    0x40, 0x1f, 0xb4, 0x38, 0x10, 0x14, 0x3, 0xf2,
    0x82, 0x4, 0x84, 0x90, 0x7, 0x9c, 0x90, 0x80,
    0x64, 0x71, 0x0, 0x34, 0x40, 0x24, 0x2, 0x69,
    0x1b, 0xdb, 0xb7, 0xb9, 0x61, 0x0, 0x66, 0xd6,
    0x4, 0x53, 0x9d, 0x30, 0x0,

    /* U+1ED1 "ố" */
    0x0, 0xe4, 0xdb, 0x0, 0xfd, 0x5, 0x20, 0x1f,
    0x19, 0xa8, 0x80, 0x3e, 0x3f, 0x50, 0xf, 0xd9,
    0xf8, 0x1, 0xf4, 0x1b, 0x1c, 0x0, 0x71, 0xb2,
    0xcb, 0x30, 0xc0, 0x31, 0xf5, 0x4, 0xf1, 0x80,
    0x61, 0x9e, 0xfe, 0x91, 0x0, 0x87, 0xd8, 0x99,
    0x5b, 0xc8, 0x1, 0x43, 0x39, 0x37, 0x23, 0x20,
    0x28, 0x6c, 0x1, 0x31, 0xa1, 0x28, 0x20, 0x7,
    0x20, 0x30, 0x3, 0xc0, 0x3b, 0xc0, 0x40, 0x1c,
    0x1, 0xde, 0x2, 0xa0, 0x80, 0x1c, 0x80, 0xa2,
    0x84, 0xc0, 0x13, 0x19, 0x84, 0x24, 0x66, 0xe2,
    0xe4, 0x78, 0x0, 0x5e, 0xca, 0xea, 0xde, 0x40,

    /* U+1ED2 "Ồ" */
    0x0, 0xe2, 0xdd, 0x0, 0x7f, 0xf0, 0xb, 0x55,
    0x40, 0x1f, 0xf1, 0xe1, 0xc4, 0x88, 0x7, 0xfb,
    0xaf, 0x68, 0xc0, 0x3f, 0x15, 0x7f, 0xbb, 0xd0,
    0x3, 0xe7, 0xd6, 0x34, 0x23, 0x9d, 0x20, 0xc,
    0xf0, 0x37, 0xd7, 0x9c, 0xe5, 0x82, 0x0, 0x28,
    0x1f, 0x40, 0x8, 0x61, 0xc6, 0x80, 0x14, 0x12,
    0x20, 0x1e, 0x81, 0x41, 0x4, 0x5, 0x0, 0xfc,
    0xe0, 0xe0, 0x60, 0x40, 0x1f, 0xbc, 0x38, 0x3,
    0xff, 0x80, 0x60, 0x40, 0x1f, 0xfc, 0x22, 0x3,
    0x2, 0x0, 0xfd, 0xa1, 0xc0, 0x80, 0xa0, 0x1f,
    0x94, 0x10, 0x24, 0x24, 0x80, 0x3c, 0xe4, 0x84,
    0x3, 0x23, 0x88, 0x1, 0xa2, 0x1, 0x20, 0x13,
    0x48, 0xde, 0xdd, 0xbd, 0xcb, 0x8, 0x3, 0x36,
    0xb0, 0x22, 0x9c, 0xe9, 0x80, 0x0,

    /* U+1ED3 "ồ" */
    0x0, 0xaf, 0x4c, 0x3, 0xf4, 0x14, 0x0, 0x7e,
    0x39, 0x43, 0x0, 0xfc, 0xde, 0x60, 0x1f, 0xb3,
    0xf0, 0x3, 0xe8, 0x36, 0x38, 0x0, 0xe3, 0x65,
    0x96, 0x61, 0x80, 0x63, 0xea, 0x9, 0xe3, 0x0,
    0xc3, 0x3d, 0xfd, 0x22, 0x1, 0xf, 0xb1, 0x32,
    0xb7, 0x90, 0x2, 0x86, 0x72, 0x6e, 0x46, 0x40,
    0x50, 0xd8, 0x2, 0x63, 0x42, 0x50, 0x40, 0xe,
    0x40, 0x60, 0x7, 0x80, 0x77, 0x80, 0x80, 0x38,
    0x3, 0xbc, 0x5, 0x41, 0x0, 0x39, 0x1, 0x45,
    0x9, 0x80, 0x26, 0x33, 0x8, 0x48, 0xcd, 0xc5,
    0xc8, 0xf0, 0x0, 0xbd, 0x95, 0xd5, 0xbc, 0x80,

    /* U+1ED4 "Ổ" */
    0x0, 0xf4, 0x4d, 0xb0, 0x7, 0xfd, 0x14, 0xfa,
    0x1, 0xff, 0x37, 0x4, 0x0, 0x7f, 0x9f, 0x3a,
    0xa0, 0xc0, 0x3f, 0x17, 0x3e, 0x43, 0xa8, 0x7,
    0xcf, 0xac, 0x68, 0x47, 0x3a, 0x40, 0x19, 0xe0,
    0x6f, 0xaf, 0x39, 0xcb, 0x4, 0x0, 0x50, 0x3e,
    0x80, 0x10, 0xc3, 0x8d, 0x0, 0x28, 0x24, 0x40,
    0x3d, 0x2, 0x82, 0x8, 0xa, 0x1, 0xf9, 0xc1,
    0xc0, 0xc0, 0x80, 0x3f, 0x78, 0x70, 0x7, 0xff,
    0x0, 0xc0, 0x80, 0x3f, 0xf8, 0x44, 0x6, 0x4,
    0x1, 0xfb, 0x43, 0x81, 0x1, 0x40, 0x3f, 0x28,
    0x20, 0x48, 0x49, 0x0, 0x79, 0xc9, 0x8, 0x6,
    0x47, 0x10, 0x3, 0x44, 0x2, 0x40, 0x26, 0x91,
    0xbd, 0xbb, 0x7b, 0x96, 0x10, 0x6, 0x6d, 0x60,
    0x45, 0x39, 0xd3, 0x0, 0x0,

    /* U+1ED5 "ổ" */
    0x0, 0x97, 0xfd, 0x64, 0x1, 0xe5, 0xfd, 0x5e,
    0x0, 0xfd, 0xe1, 0x20, 0x1f, 0x93, 0x94, 0x3,
    0xec, 0x6c, 0x0, 0xfa, 0xd, 0x8e, 0x0, 0x38,
    0xd9, 0x65, 0x98, 0x60, 0x18, 0xfa, 0x82, 0x78,
    0xc0, 0x30, 0xcf, 0x7f, 0x48, 0x80, 0x43, 0xec,
    0x4c, 0xad, 0xe4, 0x0, 0xa1, 0x9c, 0x9b, 0x91,
    0x90, 0x14, 0x36, 0x0, 0x98, 0xd0, 0x94, 0x10,
    0x3, 0x90, 0x18, 0x1, 0xe0, 0x1d, 0xe0, 0x20,
    0xe, 0x0, 0xef, 0x1, 0x50, 0x40, 0xe, 0x40,
    0x51, 0x42, 0x60, 0x9, 0x8c, 0xc2, 0x12, 0x33,
    0x71, 0x72, 0x3c, 0x0, 0x2f, 0x65, 0x75, 0x6f,
    0x20,

    /* U+1ED6 "Ỗ" */
    0x0, 0xe9, 0xeb, 0x20, 0xe1, 0x0, 0xf9, 0xb,
    0xb9, 0x9e, 0x82, 0x1, 0xf2, 0x52, 0xfa, 0x65,
    0x0, 0x7f, 0x3f, 0xf6, 0x41, 0x80, 0x7e, 0x2f,
    0x7b, 0x87, 0x50, 0xf, 0x9f, 0x58, 0xd0, 0x8e,
    0x74, 0x80, 0x33, 0xc0, 0xdf, 0x5e, 0x73, 0x96,
    0x8, 0x0, 0xa0, 0x7d, 0x0, 0x21, 0x87, 0x1a,
    0x0, 0x50, 0x48, 0x80, 0x7a, 0x5, 0x4, 0x10,
    0x14, 0x3, 0xf3, 0x83, 0x81, 0x81, 0x0, 0x7e,
    0xf0, 0xe0, 0xf, 0xfe, 0x1, 0x81, 0x0, 0x7f,
    0xf0, 0x88, 0xc, 0x8, 0x3, 0xf6, 0x87, 0x2,
    0x2, 0x80, 0x7e, 0x50, 0x40, 0x90, 0x92, 0x0,
    0xf3, 0x92, 0x10, 0xc, 0x8e, 0x20, 0x6, 0x88,
    0x4, 0x80, 0x4d, 0x23, 0x7b, 0x76, 0xf7, 0x2c,
    0x20, 0xc, 0xda, 0xc0, 0x8a, 0x73, 0xa6, 0x0,

    /* U+1ED7 "ỗ" */
    0x0, 0xff, 0xe0, 0x96, 0xfd, 0x1d, 0xd8, 0x3,
    0x58, 0xd3, 0x62, 0x70, 0x6, 0xae, 0x5c, 0xc6,
    0xa8, 0x6, 0x32, 0xcf, 0xf1, 0x0, 0x7a, 0xd,
    0x8e, 0x0, 0x38, 0xd9, 0x65, 0x98, 0x60, 0x18,
    0xfa, 0x82, 0x78, 0xc0, 0x30, 0xcf, 0x7f, 0x48,
    0x80, 0x43, 0xec, 0x4c, 0xad, 0xe4, 0x0, 0xa1,
    0x9c, 0x9b, 0x91, 0x90, 0x14, 0x36, 0x0, 0x98,
    0xd0, 0x94, 0x10, 0x3, 0x90, 0x18, 0x1, 0xe0,
    0x1d, 0xe0, 0x20, 0xe, 0x0, 0xef, 0x1, 0x50,
    0x40, 0xe, 0x40, 0x51, 0x42, 0x60, 0x9, 0x8c,
    0xc2, 0x12, 0x33, 0x71, 0x72, 0x3c, 0x0, 0x2f,
    0x65, 0x75, 0x6f, 0x20,

    /* U+1ED8 "Ộ" */
    0x0, 0xe1, 0xbf, 0xf3, 0x80, 0x7f, 0x9f, 0x3b,
    0x40, 0xc0, 0x3f, 0x17, 0xd7, 0x65, 0xa8, 0x7,
    0xcf, 0xac, 0x68, 0x47, 0x3a, 0x40, 0x19, 0xe0,
    0x6f, 0xaf, 0x39, 0xcb, 0x4, 0x0, 0x50, 0x3e,
    0x80, 0x10, 0xc3, 0x8d, 0x0, 0x28, 0x24, 0x40,
    0x3d, 0x2, 0x82, 0x8, 0xa, 0x1, 0xf9, 0xc1,
    0xc0, 0xc0, 0x80, 0x3f, 0x78, 0x70, 0x7, 0xff,
    0x0, 0xc0, 0x80, 0x3f, 0xf8, 0x44, 0x6, 0x4,
    0x1, 0xfb, 0x43, 0x81, 0x1, 0x40, 0x3f, 0x28,
    0x20, 0x48, 0x49, 0x0, 0x79, 0xc9, 0x8, 0x6,
    0x47, 0x10, 0x3, 0x44, 0x2, 0x40, 0x26, 0x91,
    0xbd, 0xbb, 0x7b, 0x96, 0x10, 0x6, 0x6d, 0x60,
    0x45, 0x39, 0xd3, 0x0, 0xf1, 0x4e, 0xff, 0x63,
    0x0, 0x7f, 0x93, 0xec, 0x3, 0xff, 0x9e, 0x9d,
    0x60, 0x1e,

    /* U+1ED9 "ộ" */
    0x0, 0xd9, 0xf8, 0x1, 0xf4, 0x1b, 0x1c, 0x0,
    0x71, 0xb2, 0xcb, 0x30, 0xc0, 0x31, 0xf5, 0x4,
    0xf1, 0x80, 0x61, 0x9e, 0xfe, 0x91, 0x0, 0x87,
    0xd8, 0x99, 0x5b, 0xc8, 0x1, 0x43, 0x39, 0x37,
    0x23, 0x20, 0x28, 0x6c, 0x1, 0x31, 0xa1, 0x28,
    0x20, 0x7, 0x20, 0x30, 0x3, 0xc0, 0x3b, 0xc0,
    0x40, 0x1c, 0x1, 0xde, 0x2, 0xa0, 0x80, 0x1c,
    0x80, 0xa2, 0x84, 0xc0, 0x13, 0x19, 0x84, 0x24,
    0x66, 0xe2, 0xe4, 0x78, 0x0, 0x5e, 0xca, 0xea,
    0xde, 0x40, 0x10, 0xcf, 0x7f, 0x48, 0x80, 0x7a,
    0x3d, 0xc0, 0x3f, 0xf8, 0xf1, 0xce, 0x1, 0x80,

    /* U+1EDA "Ớ" */
    0x0, 0xf8, 0xf6, 0xc0, 0x3f, 0xf8, 0x50, 0x50,
    0x1, 0xff, 0xc1, 0x24, 0x83, 0x0, 0xff, 0xe0,
    0x97, 0xb8, 0x7, 0xff, 0x0, 0xe7, 0x7f, 0xd8,
    0xe0, 0x11, 0xfd, 0x80, 0x51, 0x8c, 0x2c, 0xa5,
    0x1a, 0x40, 0x10, 0x80, 0x1d, 0xc5, 0xb9, 0x35,
    0xd0, 0x58, 0x47, 0x26, 0x3, 0x3, 0x84, 0x1,
    0x9e, 0x46, 0x3, 0x34, 0x24, 0x24, 0x40, 0x3c,
    0xc4, 0xb9, 0x84, 0x4, 0x5, 0x0, 0xfc, 0xa1,
    0x6c, 0x0, 0x30, 0x20, 0xf, 0xdc, 0x1e, 0x1,
    0xff, 0xc2, 0x30, 0x20, 0xf, 0xfe, 0x21, 0x0,
    0x46, 0x4, 0x1, 0xfb, 0x43, 0x80, 0x24, 0x5,
    0x0, 0xfc, 0xc0, 0xe0, 0x14, 0x84, 0x10, 0x7,
    0x9c, 0x50, 0x40, 0x21, 0x90, 0xc4, 0x0, 0xcf,
    0x3, 0x40, 0x1c, 0xd2, 0x37, 0xb7, 0x6f, 0x82,
    0xd1, 0x0, 0xf3, 0x6b, 0x2, 0x29, 0xce, 0x98,
    0x6,

    /* U+1EDB "ớ" */
    0x0, 0xe6, 0xfc, 0x0, 0xff, 0x58, 0xe8, 0x7,
    0xf1, 0x85, 0x8, 0x7, 0xf1, 0xea, 0x0, 0x7e,
    0x19, 0xef, 0xe9, 0x10, 0x6f, 0x80, 0x1f, 0x62,
    0x65, 0x6f, 0x10, 0x7, 0x85, 0xc, 0x64, 0xdc,
    0x8d, 0x33, 0x4, 0x48, 0x4e, 0x1, 0x31, 0xa1,
    0x2b, 0xa8, 0x20, 0x7, 0x20, 0x7c, 0x8, 0x3,
    0x80, 0x3b, 0xc2, 0x10, 0x2, 0xe0, 0xe, 0xf0,
    0x10, 0x2, 0x82, 0x0, 0x72, 0x2, 0x80, 0x5,
    0x9, 0xc0, 0x26, 0x34, 0x10, 0xa, 0x86, 0x2e,
    0x2e, 0x46, 0x40, 0x30, 0xfb, 0x2b, 0xb3, 0x3c,
    0x80, 0x20,

    /* U+1EDC "Ờ" */
    0x0, 0xe5, 0xdb, 0x0, 0xff, 0xe1, 0x2b, 0xa2,
    0x0, 0x3f, 0xf8, 0x54, 0x5e, 0x1, 0xff, 0xc3,
    0xdb, 0x0, 0xff, 0xe0, 0x1c, 0xef, 0xfb, 0x1c,
    0x2, 0x3f, 0xb0, 0xa, 0x31, 0x85, 0x94, 0xa3,
    0x48, 0x2, 0x10, 0x3, 0xb8, 0xb7, 0x26, 0xba,
    0xb, 0x8, 0xe4, 0xc0, 0x60, 0x70, 0x80, 0x33,
    0xc8, 0xc0, 0x66, 0x84, 0x84, 0x88, 0x7, 0x98,
    0x97, 0x30, 0x80, 0x80, 0xa0, 0x1f, 0x94, 0x2d,
    0x80, 0x6, 0x4, 0x1, 0xfb, 0x83, 0xc0, 0x3f,
    0xf8, 0x46, 0x4, 0x1, 0xff, 0xc4, 0x20, 0x8,
    0xc0, 0x80, 0x3f, 0x68, 0x70, 0x4, 0x80, 0xa0,
    0x1f, 0x98, 0x1c, 0x2, 0x90, 0x82, 0x0, 0xf3,
    0x8a, 0x8, 0x4, 0x32, 0x18, 0x80, 0x19, 0xe0,
    0x68, 0x3, 0x9a, 0x46, 0xf6, 0xed, 0xf0, 0x5a,
    0x20, 0x1e, 0x6d, 0x60, 0x45, 0x39, 0xd3, 0x0,
    0xc0,

    /* U+1EDD "ờ" */
    0x0, 0xa7, 0xe4, 0x3, 0xfd, 0x26, 0xc2, 0x1,
    0xfe, 0xd3, 0x70, 0xf, 0xf0, 0xe3, 0x0, 0x7e,
    0x19, 0xef, 0xe9, 0x10, 0x6f, 0x80, 0x1f, 0x62,
    0x65, 0x6f, 0x10, 0x7, 0x85, 0xc, 0x64, 0xdc,
    0x8d, 0x33, 0x4, 0x48, 0x4e, 0x1, 0x31, 0xa1,
    0x2b, 0xa8, 0x20, 0x7, 0x20, 0x7c, 0x8, 0x3,
    0x80, 0x3b, 0xc2, 0x10, 0x2, 0xe0, 0xe, 0xf0,
    0x10, 0x2, 0x82, 0x0, 0x72, 0x2, 0x80, 0x5,
    0x9, 0xc0, 0x26, 0x34, 0x10, 0xa, 0x86, 0x2e,
    0x2e, 0x46, 0x40, 0x30, 0xfb, 0x2b, 0xb3, 0x3c,
    0x80, 0x20,

    /* U+1EDE "Ở" */
    0x0, 0xf7, 0xfb, 0x58, 0x3, 0xff, 0x83, 0xfe,
    0x79, 0x10, 0xf, 0xfe, 0xc, 0xa3, 0x88, 0x7,
    0xff, 0x7, 0x72, 0x0, 0x3f, 0xe3, 0x9d, 0xbd,
    0xc7, 0x0, 0x8f, 0xec, 0x2, 0x8c, 0x61, 0x65,
    0x28, 0xd2, 0x0, 0x84, 0x0, 0xee, 0x2d, 0xc9,
    0xae, 0x82, 0xc2, 0x39, 0x30, 0x18, 0x1c, 0x20,
    0xc, 0xf2, 0x30, 0x19, 0xa1, 0x21, 0x22, 0x1,
    0xe6, 0x25, 0xcc, 0x20, 0x20, 0x28, 0x7, 0xe5,
    0xb, 0x60, 0x1, 0x81, 0x0, 0x7e, 0xe0, 0xf0,
    0xf, 0xfe, 0x11, 0x81, 0x0, 0x7f, 0xf1, 0x8,
    0x2, 0x30, 0x20, 0xf, 0xda, 0x1c, 0x1, 0x20,
    0x28, 0x7, 0xe6, 0x7, 0x0, 0xa4, 0x20, 0x80,
    0x3c, 0xe2, 0x82, 0x1, 0xc, 0x86, 0x20, 0x6,
    0x78, 0x1a, 0x0, 0xe6, 0x91, 0xbd, 0xbb, 0x7c,
    0x16, 0x88, 0x7, 0x9b, 0x58, 0x11, 0x4e, 0x74,
    0xc0, 0x30,

    /* U+1EDF "ở" */
    0x0, 0x8f, 0xb9, 0x66, 0x1, 0xf8, 0xf3, 0x5b,
    0x80, 0x3f, 0x8a, 0xc9, 0xc0, 0x3f, 0xc9, 0x74,
    0x1, 0xfe, 0xc4, 0x0, 0xfc, 0x33, 0xdf, 0xd2,
    0x20, 0xdf, 0x0, 0x3e, 0xc4, 0xca, 0xde, 0x20,
    0xf, 0xa, 0x18, 0xc9, 0xb9, 0x1a, 0x66, 0x8,
    0x90, 0x9c, 0x2, 0x63, 0x42, 0x57, 0x50, 0x40,
    0xe, 0x40, 0xf8, 0x10, 0x7, 0x0, 0x77, 0x84,
    0x20, 0x5, 0xc0, 0x1d, 0xe0, 0x20, 0x5, 0x4,
    0x0, 0xe4, 0x5, 0x0, 0xa, 0x13, 0x80, 0x4c,
    0x68, 0x20, 0x15, 0xc, 0x5c, 0x5c, 0x8c, 0x80,
    0x61, 0xf6, 0x57, 0x66, 0x79, 0x0, 0x40,

    /* U+1EE0 "Ỡ" */
    0x0, 0xff, 0x8, 0x7, 0xfd, 0x7f, 0x8a, 0xfc,
    0x1, 0xfe, 0x54, 0xa6, 0xa8, 0x60, 0xf, 0xf3,
    0xda, 0xd6, 0xe4, 0x80, 0x7f, 0x87, 0x75, 0xfb,
    0xee, 0x1, 0x1f, 0xd8, 0x5, 0x18, 0xc2, 0xca,
    0x51, 0xa4, 0x1, 0x8, 0x1, 0xdc, 0x5b, 0x93,
    0x5d, 0x5, 0x84, 0x72, 0x60, 0x30, 0x38, 0x40,
    0x19, 0xe4, 0x60, 0x33, 0x42, 0x42, 0x44, 0x3,
    0xcc, 0x4b, 0x98, 0x40, 0x40, 0x50, 0xf, 0xca,
    0x16, 0xc0, 0x3, 0x2, 0x0, 0xfd, 0xc1, 0xe0,
    0x1f, 0xfc, 0x23, 0x2, 0x0, 0xff, 0xe2, 0x10,
    0x4, 0x60, 0x40, 0x1f, 0xb4, 0x38, 0x2, 0x40,
    0x50, 0xf, 0xcc, 0xe, 0x1, 0x48, 0x41, 0x0,
    0x79, 0xc5, 0x4, 0x2, 0x19, 0xc, 0x40, 0xc,
    0xf0, 0x34, 0x1, 0xcd, 0x23, 0x7b, 0x76, 0xf8,
    0x2d, 0x10, 0xf, 0x36, 0xb0, 0x22, 0x9c, 0xe9,
    0x80, 0x60,

    /* U+1EE1 "ỡ" */
    0x0, 0xe, 0x74, 0x9d, 0x58, 0x7, 0xa0, 0x65,
    0x31, 0x78, 0x3, 0xd5, 0xef, 0xb9, 0xaa, 0x1,
    0xe3, 0x20, 0x1, 0x90, 0x7, 0xc3, 0x3d, 0xfd,
    0x22, 0xd, 0xf0, 0x3, 0xec, 0x4c, 0xad, 0xe2,
    0x0, 0xf0, 0xa1, 0x8c, 0x9b, 0x91, 0xa6, 0x60,
    0x89, 0x9, 0xc0, 0x26, 0x34, 0x25, 0x75, 0x4,
    0x0, 0xe4, 0xf, 0x81, 0x0, 0x70, 0x7, 0x78,
    0x42, 0x0, 0x5c, 0x1, 0xde, 0x2, 0x0, 0x50,
    0x40, 0xe, 0x40, 0x50, 0x0, 0xa1, 0x38, 0x4,
    0xc6, 0x82, 0x1, 0x50, 0xc5, 0xc5, 0xc8, 0xc8,
    0x6, 0x1f, 0x65, 0x76, 0x67, 0x90, 0x4,

    /* U+1EE2 "Ợ" */
    0x0, 0xc7, 0x3b, 0xfe, 0xc7, 0x0, 0x8f, 0xec,
    0x2, 0x8c, 0x61, 0x65, 0x28, 0xd2, 0x0, 0x84,
    0x0, 0xee, 0x2d, 0xc9, 0xae, 0x82, 0xc2, 0x39,
    0x30, 0x18, 0x1c, 0x20, 0xc, 0xf2, 0x30, 0x19,
    0xa1, 0x21, 0x22, 0x1, 0xe6, 0x25, 0xcc, 0x20,
    0x20, 0x28, 0x7, 0xe5, 0xb, 0x60, 0x1, 0x81,
    0x0, 0x7e, 0xe0, 0xf0, 0xf, 0xfe, 0x11, 0x81,
    0x0, 0x7f, 0xf1, 0x8, 0x2, 0x30, 0x20, 0xf,
    0xda, 0x1c, 0x1, 0x20, 0x28, 0x7, 0xe6, 0x7,
    0x0, 0xa4, 0x20, 0x80, 0x3c, 0xe2, 0x82, 0x1,
    0xc, 0x86, 0x20, 0x6, 0x78, 0x1a, 0x0, 0xe6,
    0x91, 0xbd, 0xbb, 0x7c, 0x16, 0x88, 0x7, 0x9b,
    0x58, 0x11, 0x4e, 0x74, 0xc0, 0x3f, 0x14, 0xef,
    0xf6, 0x30, 0x7, 0xff, 0x1, 0x3e, 0xc0, 0x3f,
    0xfa, 0x69, 0xd6, 0x1, 0xf8,

    /* U+1EE3 "ợ" */
    0x0, 0xc, 0xf7, 0xf4, 0x88, 0x37, 0xc0, 0xf,
    0xb1, 0x32, 0xb7, 0x88, 0x3, 0xc2, 0x86, 0x32,
    0x6e, 0x46, 0x99, 0x82, 0x24, 0x27, 0x0, 0x98,
    0xd0, 0x95, 0xd4, 0x10, 0x3, 0x90, 0x3e, 0x4,
    0x1, 0xc0, 0x1d, 0xe1, 0x8, 0x1, 0x70, 0x7,
    0x78, 0x8, 0x1, 0x41, 0x0, 0x39, 0x1, 0x40,
    0x2, 0x84, 0xe0, 0x13, 0x1a, 0x8, 0x5, 0x43,
    0x17, 0x17, 0x23, 0x20, 0x18, 0x7d, 0x95, 0xd9,
    0x9e, 0x40, 0x1c, 0x33, 0xdf, 0xb2, 0x20, 0x1f,
    0xa3, 0xdc, 0x3, 0xff, 0x97, 0x1c, 0xe0, 0x1e,

    /* U+1EE4 "Ụ" */
    0x6f, 0x70, 0xf, 0xf, 0xe8, 0x7, 0xff, 0xfc,
    0x3, 0xff, 0x92, 0x61, 0xe0, 0x1f, 0x84, 0x40,
    0x20, 0x1e, 0x20, 0x75, 0x7, 0x0, 0xf5, 0x86,
    0xa, 0xd, 0x8, 0x4, 0xae, 0xc, 0x12, 0x4b,
    0xdb, 0x9d, 0x41, 0x42, 0x5, 0x8e, 0x46, 0x72,
    0xe2, 0x80, 0x43, 0x1b, 0xdf, 0xb4, 0x60, 0x1f,
    0x77, 0x88, 0x7, 0xff, 0x27, 0xf8, 0x40, 0x30,

    /* U+1EE5 "ụ" */
    0xbf, 0x0, 0xc3, 0xf6, 0x1, 0xff, 0xec, 0x10,
    0x9, 0x40, 0x6, 0xc, 0x1, 0x40, 0x2, 0x82,
    0x2e, 0xb8, 0x4, 0xa, 0xcd, 0x10, 0xfa, 0x1,
    0x26, 0x7f, 0x48, 0xf5, 0x80, 0x5b, 0xe4, 0x1,
    0xff, 0xc3, 0xce, 0x20, 0x8,

    /* U+1EE6 "Ủ" */
    0x0, 0xd7, 0xfd, 0x0, 0x1f, 0xaf, 0xe5, 0xd4,
    0x3, 0xf2, 0xca, 0x20, 0x3, 0xf3, 0x55, 0x88,
    0x4, 0xde, 0xe0, 0x3, 0x40, 0x0, 0xfe, 0x80,
    0x7f, 0xff, 0xc0, 0x3f, 0xf9, 0x26, 0x1e, 0x1,
    0xf8, 0x44, 0x2, 0x1, 0xe2, 0x7, 0x50, 0x70,
    0xf, 0x58, 0x60, 0xa0, 0xd0, 0x80, 0x4a, 0xe0,
    0xc1, 0x24, 0xbd, 0xb9, 0xd4, 0x14, 0x20, 0x58,
    0xe4, 0x67, 0x2e, 0x28, 0x0,

    /* U+1EE7 "ủ" */
    0x0, 0x2f, 0x72, 0xc8, 0x3, 0x2e, 0x6a, 0xc8,
    0x7, 0x14, 0xe, 0x80, 0x78, 0x7d, 0x80, 0x3d,
    0x40, 0x1a, 0xfc, 0x3, 0xf, 0xd8, 0x7, 0xff,
    0xb0, 0x40, 0x25, 0x0, 0x18, 0x30, 0x5, 0x0,
    0xa, 0x8, 0xba, 0xe0, 0x10, 0x2b, 0x34, 0x43,
    0xe8, 0x0,

    /* U+1EE8 "Ứ" */
    0x0, 0xf5, 0xe9, 0x80, 0x7f, 0xf0, 0x15, 0x10,
    0x60, 0x1f, 0xfc, 0x9, 0x39, 0x0, 0xff, 0xe0,
    0xe6, 0x0, 0x3f, 0x9b, 0xdc, 0x3, 0xc3, 0xfa,
    0x13, 0xe8, 0x1, 0xff, 0xd1, 0x83, 0x70, 0xf,
    0xfe, 0x8, 0x88, 0xc0, 0x3f, 0xf8, 0x7, 0x74,
    0x1, 0xff, 0xc0, 0x2a, 0xf7, 0x0, 0xff, 0xe0,
    0x14, 0xa0, 0x7, 0xff, 0x58, 0xc3, 0xc0, 0x3f,
    0x8, 0x6, 0x10, 0x20, 0xf, 0x10, 0x30, 0x6,
    0x50, 0x40, 0xf, 0x58, 0x68, 0x6, 0x14, 0x1a,
    0x10, 0x9, 0x5c, 0x18, 0x3, 0xa4, 0x97, 0xb7,
    0x3a, 0x82, 0x84, 0x3, 0x8b, 0x1c, 0x8c, 0xe5,
    0xc5, 0x0, 0xe0,

    /* U+1EE9 "ứ" */
    0x0, 0xd1, 0xf4, 0x1, 0xfc, 0xc5, 0x40, 0x1f,
    0x94, 0xfc, 0x3, 0xf9, 0x74, 0x80, 0x3d, 0x7e,
    0x1, 0x87, 0xec, 0x7f, 0x0, 0x3f, 0xf9, 0x23,
    0x6e, 0x1, 0xfe, 0x22, 0x0, 0x7f, 0x25, 0xc0,
    0x7, 0xe5, 0xdf, 0x10, 0xf, 0xcb, 0x24, 0x1,
    0x8, 0x4, 0x40, 0x1c, 0x60, 0xa0, 0x15, 0x0,
    0x75, 0x5, 0x3b, 0x5b, 0x80, 0x71, 0x59, 0x44,
    0x7, 0xc4, 0x3, 0x0,

    /* U+1EEA "Ừ" */
    0x0, 0x87, 0x34, 0x80, 0x3f, 0xf8, 0x3, 0x5,
    0x0, 0x1f, 0xfc, 0x14, 0x85, 0x20, 0xf, 0xfe,
    0xb, 0xf9, 0x0, 0x7e, 0x6f, 0x70, 0xf, 0xf,
    0xe8, 0x4f, 0xa0, 0x7, 0xff, 0x46, 0xd, 0xc0,
    0x3f, 0xf8, 0x22, 0x23, 0x0, 0xff, 0xe0, 0x1d,
    0xd0, 0x7, 0xff, 0x0, 0xab, 0xdc, 0x3, 0xff,
    0x80, 0x52, 0x80, 0x1f, 0xfd, 0x63, 0xf, 0x0,
    0xfc, 0x20, 0x18, 0x40, 0x80, 0x3c, 0x40, 0xc0,
    0x19, 0x41, 0x0, 0x3d, 0x61, 0xa0, 0x18, 0x50,
    0x68, 0x40, 0x25, 0x70, 0x60, 0xe, 0x92, 0x5e,
    0xdc, 0xea, 0xa, 0x10, 0xe, 0x2c, 0x72, 0x33,
    0x97, 0x14, 0x3, 0x80,

    /* U+1EEB "ừ" */
    0x0, 0x4f, 0xc8, 0x7, 0xf4, 0x9b, 0x8, 0x7,
    0xf6, 0x9b, 0x80, 0x7f, 0xe, 0x30, 0x7, 0xaf,
    0xc0, 0x30, 0xfd, 0x8f, 0xe0, 0x7, 0xff, 0x24,
    0x6d, 0xc0, 0x3f, 0xc4, 0x40, 0xf, 0xe4, 0xb8,
    0x0, 0xfc, 0xbb, 0xe2, 0x1, 0xf9, 0x64, 0x80,
    0x21, 0x0, 0x88, 0x3, 0x8c, 0x14, 0x2, 0xa0,
    0xe, 0xa0, 0xa7, 0x6b, 0x70, 0xe, 0x2b, 0x28,
    0x80, 0xf8, 0x80, 0x60,

    /* U+1EEC "Ử" */
    0x0, 0xd7, 0xfd, 0x0, 0x1f, 0xfc, 0xb, 0xf9,
    0x75, 0x0, 0xff, 0xe0, 0x2c, 0xa2, 0x0, 0x3f,
    0xf8, 0xd, 0x56, 0x20, 0x1f, 0x37, 0xb8, 0x0,
    0xd0, 0x0, 0x3f, 0xa1, 0x3e, 0x80, 0x1f, 0xfd,
    0x18, 0x37, 0x0, 0xff, 0xe0, 0x88, 0x8c, 0x3,
    0xff, 0x80, 0x77, 0x40, 0x1f, 0xfc, 0x2, 0xaf,
    0x70, 0xf, 0xfe, 0x1, 0x4a, 0x0, 0x7f, 0xf5,
    0x8c, 0x3c, 0x3, 0xf0, 0x80, 0x61, 0x2, 0x0,
    0xf1, 0x3, 0x0, 0x65, 0x4, 0x0, 0xf5, 0x86,
    0x80, 0x61, 0x41, 0xa1, 0x0, 0x95, 0xc1, 0x80,
    0x3a, 0x49, 0x7b, 0x73, 0xa8, 0x28, 0x40, 0x38,
    0xb1, 0xc8, 0xce, 0x5c, 0x50, 0xe,

    /* U+1EED "ử" */
    0x0, 0x2f, 0x72, 0xc8, 0x3, 0xe5, 0xcd, 0x59,
    0x0, 0xfc, 0x50, 0x3a, 0x1, 0xfc, 0x3e, 0xc0,
    0x1f, 0xd4, 0x1, 0xf5, 0xf8, 0x6, 0x1f, 0xb1,
    0xfc, 0x0, 0xff, 0xe4, 0x8d, 0xb8, 0x7, 0xf8,
    0x88, 0x1, 0xfc, 0x97, 0x0, 0x1f, 0x97, 0x7c,
    0x40, 0x3f, 0x2c, 0x90, 0x4, 0x20, 0x11, 0x0,
    0x71, 0x82, 0x80, 0x54, 0x1, 0xd4, 0x14, 0xed,
    0x6e, 0x1, 0xc5, 0x65, 0x10, 0x1f, 0x10, 0xc,

    /* U+1EEE "Ữ" */
    0x0, 0xff, 0xe3, 0xa7, 0xfa, 0xf, 0x60, 0x3,
    0xfa, 0x12, 0x5b, 0xa, 0x80, 0x3f, 0xa2, 0x9b,
    0xaf, 0x88, 0x3, 0xcd, 0xee, 0x82, 0x0, 0x41,
    0x17, 0xe8, 0x4f, 0xa0, 0x7, 0xff, 0x46, 0xd,
    0xc0, 0x3f, 0xf8, 0x22, 0x23, 0x0, 0xff, 0xe0,
    0x1d, 0xd0, 0x7, 0xff, 0x0, 0xab, 0xdc, 0x3,
    0xff, 0x80, 0x52, 0x80, 0x1f, 0xfd, 0x63, 0xf,
    0x0, 0xfc, 0x20, 0x18, 0x40, 0x80, 0x3c, 0x40,
    0xc0, 0x19, 0x41, 0x0, 0x3d, 0x61, 0xa0, 0x18,
    0x50, 0x68, 0x40, 0x25, 0x70, 0x60, 0xe, 0x92,
    0x5e, 0xdc, 0xea, 0xa, 0x10, 0xe, 0x2c, 0x72,
    0x33, 0x97, 0x14, 0x3, 0x80,

    /* U+1EEF "ữ" */
    0x1, 0xcf, 0xa3, 0xac, 0x0, 0xe9, 0x28, 0x6c,
    0x5a, 0x0, 0xeb, 0xd7, 0xcc, 0x6b, 0x0, 0x71,
    0x98, 0x0, 0x64, 0x1, 0xd7, 0xe0, 0x18, 0x7e,
    0xc7, 0xf0, 0x3, 0xff, 0x92, 0x36, 0xe0, 0x1f,
    0xe2, 0x20, 0x7, 0xf2, 0x5c, 0x0, 0x7e, 0x5d,
    0xf1, 0x0, 0xfc, 0xb2, 0x40, 0x10, 0x80, 0x44,
    0x1, 0xc6, 0xa, 0x1, 0x50, 0x7, 0x50, 0x53,
    0xb5, 0xb8, 0x7, 0x15, 0x94, 0x40, 0x7c, 0x40,
    0x30,

    /* U+1EF0 "Ự" */
    0x6f, 0x70, 0xf, 0xf, 0xe8, 0x4f, 0xa0, 0x7,
    0xff, 0x46, 0xd, 0xc0, 0x3f, 0xf8, 0x22, 0x23,
    0x0, 0xff, 0xe0, 0x1d, 0xd0, 0x7, 0xff, 0x0,
    0xab, 0xdc, 0x3, 0xff, 0x80, 0x52, 0x80, 0x1f,
    0xfd, 0x63, 0xf, 0x0, 0xfc, 0x20, 0x18, 0x40,
    0x80, 0x3c, 0x40, 0xc0, 0x19, 0x41, 0x0, 0x3d,
    0x61, 0xa0, 0x18, 0x50, 0x68, 0x40, 0x25, 0x70,
    0x60, 0xe, 0x92, 0x5e, 0xdc, 0xea, 0xa, 0x10,
    0xe, 0x2c, 0x72, 0x33, 0x97, 0x14, 0x3, 0xe1,
    0x8d, 0xef, 0xda, 0x30, 0xf, 0xfb, 0xbc, 0x40,
    0x3f, 0xfa, 0x3f, 0xc2, 0x1, 0xf8,

    /* U+1EF1 "ự" */
    0xbf, 0x0, 0xc3, 0xf6, 0x3f, 0x80, 0x1f, 0xfc,
    0x91, 0xb7, 0x0, 0xff, 0x11, 0x0, 0x3f, 0x92,
    0xe0, 0x3, 0xf2, 0xef, 0x88, 0x7, 0xe5, 0x92,
    0x0, 0x84, 0x2, 0x20, 0xe, 0x30, 0x50, 0xa,
    0x80, 0x3a, 0x82, 0x9d, 0xad, 0xc0, 0x38, 0xac,
    0xa2, 0x3, 0xe2, 0x1, 0xc9, 0x9f, 0xd4, 0x3d,
    0x60, 0x1e, 0xdf, 0x20, 0xf, 0xfe, 0x4e, 0x71,
    0x0, 0x78,

    /* U+1EF2 "Ỳ" */
    0x0, 0xcf, 0xb0, 0x1, 0xff, 0x38, 0xb8, 0x80,
    0x7f, 0xda, 0x30, 0x1, 0xff, 0xf, 0x48, 0x7,
    0xa7, 0xe8, 0x3, 0xe5, 0xfd, 0x8, 0x15, 0x40,
    0xf, 0x58, 0x70, 0xd, 0x85, 0x0, 0x74, 0x8b,
    0x98, 0x1, 0x50, 0x60, 0x2, 0x36, 0x28, 0x0,
    0xd4, 0xe, 0x40, 0xe, 0xe, 0x0, 0xe1, 0x90,
    0x90, 0x72, 0x73, 0x0, 0xf3, 0x1a, 0x34, 0x14,
    0x0, 0x7e, 0xe0, 0x90, 0xe0, 0xf, 0xe2, 0x70,
    0x63, 0x0, 0xff, 0x70, 0x70, 0x7, 0xff, 0xfc,
    0x0,

    /* U+1EF3 "ỳ" */
    0x0, 0xe, 0xf9, 0x80, 0x78, 0x78, 0x20, 0x3,
    0xe3, 0xa6, 0x10, 0xf, 0x97, 0x44, 0x2, 0x7f,
    0x60, 0xc, 0x3f, 0x4a, 0x1a, 0x1, 0x98, 0x38,
    0x8d, 0x4, 0x2, 0xa1, 0x40, 0xa0, 0x60, 0x1,
    0x93, 0x0, 0x18, 0x2c, 0x1, 0x61, 0x60, 0x12,
    0x99, 0x3, 0x11, 0x80, 0x5c, 0xa, 0x63, 0x40,
    0x19, 0x6, 0xec, 0xc, 0x1, 0xcc, 0x6c, 0x82,
    0x1, 0xd4, 0x3, 0xc0, 0x1e, 0x22, 0x2, 0x80,
    0x7c, 0x4a, 0x1, 0xf4, 0x4, 0x80, 0x76, 0x6b,
    0xa1, 0x80, 0x73, 0x92, 0x50, 0x7, 0x0,

    /* U+1EF4 "Ỵ" */
    0x9f, 0xa0, 0xf, 0x97, 0xf4, 0x20, 0x55, 0x0,
    0x3d, 0x61, 0xc0, 0x36, 0x14, 0x1, 0xd2, 0x2e,
    0x60, 0x5, 0x41, 0x80, 0x8, 0xd8, 0xa0, 0x3,
    0x50, 0x39, 0x0, 0x38, 0x38, 0x3, 0x86, 0x42,
    0x41, 0xc9, 0xcc, 0x3, 0xcc, 0x68, 0xd0, 0x50,
    0x1, 0xfb, 0x82, 0x43, 0x80, 0x3f, 0x89, 0xc1,
    0x8c, 0x3, 0xfd, 0xc1, 0xc0, 0x1f, 0xff, 0xf0,
    0xf, 0x37, 0xb8, 0x7, 0xfc, 0xff, 0x0, 0x1f,
    0xfc, 0xd7, 0xe8, 0x0, 0xf0,

    /* U+1EF5 "ỵ" */
    0x7f, 0x60, 0xc, 0x3f, 0x4a, 0x1a, 0x1, 0x98,
    0x38, 0x8d, 0x4, 0x2, 0xa1, 0x40, 0xa0, 0x70,
    0x1, 0x11, 0x80, 0xc, 0x14, 0x0, 0xa0, 0xb0,
    0x9, 0x4c, 0x81, 0x88, 0xc0, 0x2e, 0x5, 0x31,
    0xa0, 0xc, 0x83, 0x76, 0x6, 0x0, 0xe6, 0x35,
    0x41, 0x0, 0xeb, 0x2, 0xe0, 0xf, 0x19, 0x2,
    0x80, 0x7c, 0x4a, 0x2, 0x1, 0xd0, 0x12, 0x9d,
    0x60, 0xc, 0xd7, 0x43, 0x0, 0xe7, 0x24, 0xa0,
    0x4f, 0xb0,

    /* U+1EF6 "Ỷ" */
    0x0, 0xc9, 0xfe, 0xc3, 0x0, 0xfe, 0x4f, 0xe1,
    0xe0, 0xf, 0xfb, 0x2, 0xc0, 0x3f, 0xea, 0xd6,
    0x0, 0xe9, 0xfa, 0x0, 0x9c, 0x2, 0x5f, 0xd0,
    0x81, 0x54, 0x0, 0xf5, 0x87, 0x0, 0xd8, 0x50,
    0x7, 0x48, 0xb9, 0x80, 0x15, 0x6, 0x0, 0x23,
    0x62, 0x80, 0xd, 0x40, 0xe4, 0x0, 0xe0, 0xe0,
    0xe, 0x19, 0x9, 0x7, 0x27, 0x30, 0xf, 0x31,
    0xa3, 0x41, 0x40, 0x7, 0xee, 0x9, 0xe, 0x0,
    0xfe, 0x27, 0x6, 0x30, 0xf, 0xf7, 0x7, 0x0,
    0x7f, 0xff, 0xc0,

    /* U+1EF7 "ỷ" */
    0x0, 0xab, 0xb6, 0x0, 0x3d, 0x79, 0x4e, 0xc0,
    0x1c, 0x22, 0xa1, 0x40, 0xf, 0x3d, 0x71, 0x0,
    0x79, 0x1c, 0x3, 0x3f, 0xb0, 0x6, 0x1f, 0xa5,
    0xd, 0x0, 0xcc, 0x1c, 0x46, 0x82, 0x1, 0x50,
    0xa0, 0x50, 0x30, 0x0, 0xc9, 0x80, 0xc, 0x16,
    0x0, 0xb0, 0xb0, 0x9, 0x4c, 0x81, 0x88, 0xc0,
    0x2e, 0x5, 0x31, 0xa0, 0xc, 0x83, 0x76, 0x6,
    0x0, 0xe6, 0x36, 0x41, 0x0, 0xea, 0x1, 0xe0,
    0xf, 0x11, 0x1, 0x40, 0x3e, 0x25, 0x0, 0xfa,
    0x2, 0x40, 0x3b, 0x35, 0xd0, 0xc0, 0x39, 0xc9,
    0x28, 0x3, 0x80,

    /* U+1EF8 "Ỹ" */
    0x0, 0xfe, 0x10, 0xf, 0xd5, 0xf8, 0xad, 0xc0,
    0x1f, 0x22, 0xcb, 0x54, 0xa8, 0x7, 0xcd, 0x6d,
    0x5b, 0x94, 0x1, 0xa7, 0xe8, 0x90, 0x0, 0x46,
    0xb, 0xfa, 0x10, 0x2a, 0x80, 0x1e, 0xb0, 0xe0,
    0x1b, 0xa, 0x0, 0xe9, 0x17, 0x30, 0x2, 0xa0,
    0xc0, 0x4, 0x6c, 0x50, 0x1, 0xa8, 0x1c, 0x80,
    0x1c, 0x1c, 0x1, 0xc3, 0x21, 0x20, 0xe4, 0xe6,
    0x1, 0xe6, 0x34, 0x68, 0x28, 0x0, 0xfd, 0xc1,
    0x21, 0xc0, 0x1f, 0xc4, 0xe0, 0xc6, 0x1, 0xfe,
    0xe0, 0xe0, 0xf, 0xff, 0xf8, 0x0,

    /* U+1EF9 "ỹ" */
    0x0, 0x2f, 0x6b, 0x97, 0x28, 0x5, 0x68, 0xb1,
    0xa0, 0x80, 0x15, 0x5c, 0x7e, 0x78, 0x80, 0x48,
    0x20, 0x3, 0x10, 0x3, 0xfb, 0x0, 0x61, 0xfa,
    0x50, 0xd0, 0xc, 0xc1, 0xc4, 0x68, 0x20, 0x15,
    0xa, 0x5, 0x3, 0x0, 0xc, 0x98, 0x0, 0xc1,
    0x60, 0xb, 0xb, 0x0, 0x94, 0xc8, 0x18, 0x8c,
    0x2, 0xe0, 0x53, 0x1a, 0x0, 0xc8, 0x37, 0x60,
    0x60, 0xe, 0x63, 0x64, 0x10, 0xe, 0xa0, 0x1e,
    0x0, 0xf1, 0x10, 0x14, 0x3, 0xe2, 0x50, 0xf,
    0xa0, 0x24, 0x3, 0xb3, 0x5d, 0xc, 0x3, 0x9c,
    0x92, 0x80, 0x38
};


/*---------------------
 *  GLYPH DESCRIPTION
 *--------------------*/

static const lv_font_fmt_txt_glyph_dsc_t glyph_dsc[] = {
    {.bitmap_index = 0, .adv_w = 0, .box_w = 0, .box_h = 0, .ofs_x = 0, .ofs_y = 0} /* id = 0 reserved */,
    {.bitmap_index = 0, .adv_w = 89, .box_w = 0, .box_h = 0, .ofs_x = 0, .ofs_y = 0},
    {.bitmap_index = 0, .adv_w = 89, .box_w = 3, .box_h = 15, .ofs_x = 1, .ofs_y = 0},
    {.bitmap_index = 21, .adv_w = 114, .box_w = 7, .box_h = 6, .ofs_x = 0, .ofs_y = 9},
    {.bitmap_index = 39, .adv_w = 178, .box_w = 11, .box_h = 15, .ofs_x = 0, .ofs_y = 0},
    {.bitmap_index = 120, .adv_w = 178, .box_w = 11, .box_h = 19, .ofs_x = 0, .ofs_y = -2},
    {.bitmap_index = 210, .adv_w = 285, .box_w = 16, .box_h = 15, .ofs_x = 1, .ofs_y = 0},
    {.bitmap_index = 317, .adv_w = 213, .box_w = 13, .box_h = 16, .ofs_x = 0, .ofs_y = -1},
    {.bitmap_index = 411, .adv_w = 61, .box_w = 3, .box_h = 6, .ofs_x = 0, .ofs_y = 9},
    {.bitmap_index = 420, .adv_w = 107, .box_w = 5, .box_h = 19, .ofs_x = 1, .ofs_y = -4},
    {.bitmap_index = 469, .adv_w = 107, .box_w = 5, .box_h = 19, .ofs_x = 1, .ofs_y = -4},
    {.bitmap_index = 516, .adv_w = 125, .box_w = 8, .box_h = 7, .ofs_x = 0, .ofs_y = 8},
    {.bitmap_index = 544, .adv_w = 187, .box_w = 10, .box_h = 10, .ofs_x = 1, .ofs_y = 2},
    {.bitmap_index = 569, .adv_w = 89, .box_w = 3, .box_h = 6, .ofs_x = 1, .ofs_y = -3},
    {.bitmap_index = 578, .adv_w = 107, .box_w = 7, .box_h = 2, .ofs_x = 0, .ofs_y = 4},
    {.bitmap_index = 583, .adv_w = 89, .box_w = 3, .box_h = 3, .ofs_x = 1, .ofs_y = 0},
    {.bitmap_index = 588, .adv_w = 89, .box_w = 6, .box_h = 15, .ofs_x = 0, .ofs_y = 0},
    {.bitmap_index = 628, .adv_w = 178, .box_w = 11, .box_h = 15, .ofs_x = 0, .ofs_y = 0},
    {.bitmap_index = 698, .adv_w = 178, .box_w = 6, .box_h = 15, .ofs_x = 2, .ofs_y = 0},
    {.bitmap_index = 720, .adv_w = 178, .box_w = 11, .box_h = 15, .ofs_x = 0, .ofs_y = 0},
    {.bitmap_index = 785, .adv_w = 178, .box_w = 11, .box_h = 15, .ofs_x = 0, .ofs_y = 0},
    {.bitmap_index = 858, .adv_w = 178, .box_w = 11, .box_h = 15, .ofs_x = 0, .ofs_y = 0},
    {.bitmap_index = 910, .adv_w = 178, .box_w = 11, .box_h = 15, .ofs_x = 0, .ofs_y = 0},
    {.bitmap_index = 981, .adv_w = 178, .box_w = 11, .box_h = 15, .ofs_x = 0, .ofs_y = 0},
    {.bitmap_index = 1057, .adv_w = 178, .box_w = 11, .box_h = 15, .ofs_x = 0, .ofs_y = 0},
    {.bitmap_index = 1111, .adv_w = 178, .box_w = 11, .box_h = 15, .ofs_x = 0, .ofs_y = 0},
    {.bitmap_index = 1191, .adv_w = 178, .box_w = 11, .box_h = 15, .ofs_x = 0, .ofs_y = 0},
    {.bitmap_index = 1268, .adv_w = 89, .box_w = 3, .box_h = 11, .ofs_x = 1, .ofs_y = 0},
    {.bitmap_index = 1281, .adv_w = 89, .box_w = 3, .box_h = 14, .ofs_x = 1, .ofs_y = -3},
    {.bitmap_index = 1298, .adv_w = 187, .box_w = 10, .box_h = 11, .ofs_x = 1, .ofs_y = 2},
    {.bitmap_index = 1345, .adv_w = 187, .box_w = 10, .box_h = 6, .ofs_x = 1, .ofs_y = 5},
    {.bitmap_index = 1362, .adv_w = 187, .box_w = 10, .box_h = 11, .ofs_x = 1, .ofs_y = 2},
    {.bitmap_index = 1409, .adv_w = 178, .box_w = 11, .box_h = 15, .ofs_x = 0, .ofs_y = 0},
    {.bitmap_index = 1472, .adv_w = 325, .box_w = 19, .box_h = 19, .ofs_x = 1, .ofs_y = -4},
    {.bitmap_index = 1643, .adv_w = 213, .box_w = 15, .box_h = 15, .ofs_x = -1, .ofs_y = 0},
    {.bitmap_index = 1726, .adv_w = 213, .box_w = 12, .box_h = 15, .ofs_x = 1, .ofs_y = 0},
    {.bitmap_index = 1792, .adv_w = 231, .box_w = 13, .box_h = 15, .ofs_x = 1, .ofs_y = 0},
    {.bitmap_index = 1872, .adv_w = 231, .box_w = 13, .box_h = 15, .ofs_x = 1, .ofs_y = 0},
    {.bitmap_index = 1937, .adv_w = 213, .box_w = 12, .box_h = 15, .ofs_x = 1, .ofs_y = 0},
    {.bitmap_index = 1972, .adv_w = 195, .box_w = 11, .box_h = 15, .ofs_x = 1, .ofs_y = 0},
    {.bitmap_index = 2000, .adv_w = 249, .box_w = 14, .box_h = 15, .ofs_x = 1, .ofs_y = 0},
    {.bitmap_index = 2087, .adv_w = 231, .box_w = 12, .box_h = 15, .ofs_x = 1, .ofs_y = 0},
    {.bitmap_index = 2109, .adv_w = 89, .box_w = 3, .box_h = 15, .ofs_x = 1, .ofs_y = 0},
    {.bitmap_index = 2114, .adv_w = 160, .box_w = 9, .box_h = 15, .ofs_x = 0, .ofs_y = 0},
    {.bitmap_index = 2144, .adv_w = 213, .box_w = 13, .box_h = 15, .ofs_x = 1, .ofs_y = 0},
    {.bitmap_index = 2211, .adv_w = 178, .box_w = 10, .box_h = 15, .ofs_x = 1, .ofs_y = 0},
    {.bitmap_index = 2226, .adv_w = 267, .box_w = 15, .box_h = 15, .ofs_x = 1, .ofs_y = 0},
    {.bitmap_index = 2307, .adv_w = 231, .box_w = 12, .box_h = 15, .ofs_x = 1, .ofs_y = 0},
    {.bitmap_index = 2362, .adv_w = 249, .box_w = 15, .box_h = 15, .ofs_x = 0, .ofs_y = 0},
    {.bitmap_index = 2453, .adv_w = 213, .box_w = 12, .box_h = 15, .ofs_x = 1, .ofs_y = 0},
    {.bitmap_index = 2500, .adv_w = 249, .box_w = 15, .box_h = 16, .ofs_x = 0, .ofs_y = -1},
    {.bitmap_index = 2602, .adv_w = 231, .box_w = 14, .box_h = 15, .ofs_x = 1, .ofs_y = 0},
    {.bitmap_index = 2673, .adv_w = 213, .box_w = 13, .box_h = 15, .ofs_x = 0, .ofs_y = 0},
    {.bitmap_index = 2760, .adv_w = 195, .box_w = 12, .box_h = 15, .ofs_x = 0, .ofs_y = 0},
    {.bitmap_index = 2780, .adv_w = 231, .box_w = 12, .box_h = 15, .ofs_x = 1, .ofs_y = 0},
    {.bitmap_index = 2822, .adv_w = 213, .box_w = 14, .box_h = 15, .ofs_x = 0, .ofs_y = 0},
    {.bitmap_index = 2902, .adv_w = 302, .box_w = 19, .box_h = 15, .ofs_x = 0, .ofs_y = 0},
    {.bitmap_index = 3030, .adv_w = 213, .box_w = 14, .box_h = 15, .ofs_x = 0, .ofs_y = 0},
    {.bitmap_index = 3116, .adv_w = 213, .box_w = 14, .box_h = 15, .ofs_x = 0, .ofs_y = 0},
    {.bitmap_index = 3172, .adv_w = 195, .box_w = 12, .box_h = 15, .ofs_x = 0, .ofs_y = 0},
    {.bitmap_index = 3233, .adv_w = 89, .box_w = 5, .box_h = 19, .ofs_x = 1, .ofs_y = -4},
    {.bitmap_index = 3248, .adv_w = 89, .box_w = 6, .box_h = 15, .ofs_x = 0, .ofs_y = 0},
    {.bitmap_index = 3286, .adv_w = 89, .box_w = 5, .box_h = 19, .ofs_x = 0, .ofs_y = -4},
    {.bitmap_index = 3301, .adv_w = 150, .box_w = 9, .box_h = 8, .ofs_x = 0, .ofs_y = 7},
    {.bitmap_index = 3334, .adv_w = 178, .box_w = 13, .box_h = 3, .ofs_x = -1, .ofs_y = -5},
    {.bitmap_index = 3344, .adv_w = 107, .box_w = 5, .box_h = 3, .ofs_x = 0, .ofs_y = 12},
    {.bitmap_index = 3352, .adv_w = 178, .box_w = 11, .box_h = 11, .ofs_x = 0, .ofs_y = 0},
    {.bitmap_index = 3410, .adv_w = 178, .box_w = 10, .box_h = 15, .ofs_x = 1, .ofs_y = 0},
    {.bitmap_index = 3463, .adv_w = 160, .box_w = 10, .box_h = 11, .ofs_x = 0, .ofs_y = 0},
    {.bitmap_index = 3513, .adv_w = 178, .box_w = 10, .box_h = 15, .ofs_x = 0, .ofs_y = 0},
    {.bitmap_index = 3567, .adv_w = 178, .box_w = 11, .box_h = 11, .ofs_x = 0, .ofs_y = 0},
    {.bitmap_index = 3623, .adv_w = 89, .box_w = 7, .box_h = 15, .ofs_x = 0, .ofs_y = 0},
    {.bitmap_index = 3651, .adv_w = 178, .box_w = 10, .box_h = 15, .ofs_x = 0, .ofs_y = -4},
    {.bitmap_index = 3722, .adv_w = 178, .box_w = 9, .box_h = 15, .ofs_x = 1, .ofs_y = 0},
    {.bitmap_index = 3751, .adv_w = 71, .box_w = 3, .box_h = 15, .ofs_x = 1, .ofs_y = 0},
    {.bitmap_index = 3762, .adv_w = 71, .box_w = 5, .box_h = 19, .ofs_x = -1, .ofs_y = -4},
    {.bitmap_index = 3785, .adv_w = 160, .box_w = 9, .box_h = 15, .ofs_x = 1, .ofs_y = 0},
    {.bitmap_index = 3829, .adv_w = 71, .box_w = 3, .box_h = 15, .ofs_x = 1, .ofs_y = 0},
    {.bitmap_index = 3834, .adv_w = 267, .box_w = 15, .box_h = 11, .ofs_x = 1, .ofs_y = 0},
    {.bitmap_index = 3877, .adv_w = 178, .box_w = 9, .box_h = 11, .ofs_x = 1, .ofs_y = 0},
    {.bitmap_index = 3905, .adv_w = 178, .box_w = 11, .box_h = 11, .ofs_x = 0, .ofs_y = 0},
    {.bitmap_index = 3962, .adv_w = 178, .box_w = 10, .box_h = 15, .ofs_x = 1, .ofs_y = -4},
    {.bitmap_index = 4020, .adv_w = 178, .box_w = 10, .box_h = 15, .ofs_x = 0, .ofs_y = -4},
    {.bitmap_index = 4078, .adv_w = 107, .box_w = 6, .box_h = 11, .ofs_x = 1, .ofs_y = 0},
    {.bitmap_index = 4094, .adv_w = 160, .box_w = 10, .box_h = 11, .ofs_x = 0, .ofs_y = 0},
    {.bitmap_index = 4149, .adv_w = 89, .box_w = 6, .box_h = 15, .ofs_x = 0, .ofs_y = 0},
    {.bitmap_index = 4178, .adv_w = 178, .box_w = 9, .box_h = 11, .ofs_x = 1, .ofs_y = 0},
    {.bitmap_index = 4202, .adv_w = 160, .box_w = 10, .box_h = 11, .ofs_x = 0, .ofs_y = 0},
    {.bitmap_index = 4253, .adv_w = 231, .box_w = 15, .box_h = 11, .ofs_x = 0, .ofs_y = 0},
    {.bitmap_index = 4334, .adv_w = 160, .box_w = 10, .box_h = 11, .ofs_x = 0, .ofs_y = 0},
    {.bitmap_index = 4386, .adv_w = 160, .box_w = 10, .box_h = 15, .ofs_x = 0, .ofs_y = -4},
    {.bitmap_index = 4450, .adv_w = 160, .box_w = 10, .box_h = 11, .ofs_x = 0, .ofs_y = 0},
    {.bitmap_index = 4493, .adv_w = 107, .box_w = 7, .box_h = 19, .ofs_x = 0, .ofs_y = -4},
    {.bitmap_index = 4546, .adv_w = 83, .box_w = 3, .box_h = 19, .ofs_x = 1, .ofs_y = -4},
    {.bitmap_index = 4551, .adv_w = 107, .box_w = 7, .box_h = 19, .ofs_x = 0, .ofs_y = -4},
    {.bitmap_index = 4604, .adv_w = 187, .box_w = 11, .box_h = 5, .ofs_x = 0, .ofs_y = 5},
    {.bitmap_index = 4630, .adv_w = 213, .box_w = 15, .box_h = 19, .ofs_x = -1, .ofs_y = 0},
    {.bitmap_index = 4732, .adv_w = 213, .box_w = 15, .box_h = 19, .ofs_x = -1, .ofs_y = 0},
    {.bitmap_index = 4833, .adv_w = 213, .box_w = 15, .box_h = 19, .ofs_x = -1, .ofs_y = 0},
    {.bitmap_index = 4937, .adv_w = 213, .box_w = 12, .box_h = 19, .ofs_x = 1, .ofs_y = 0},
    {.bitmap_index = 4988, .adv_w = 213, .box_w = 12, .box_h = 19, .ofs_x = 1, .ofs_y = 0},
    {.bitmap_index = 5038, .adv_w = 89, .box_w = 5, .box_h = 19, .ofs_x = 0, .ofs_y = 0},
    {.bitmap_index = 5053, .adv_w = 89, .box_w = 4, .box_h = 19, .ofs_x = 1, .ofs_y = 0},
    {.bitmap_index = 5066, .adv_w = 249, .box_w = 15, .box_h = 19, .ofs_x = 0, .ofs_y = 0},
    {.bitmap_index = 5175, .adv_w = 249, .box_w = 15, .box_h = 19, .ofs_x = 0, .ofs_y = 0},
    {.bitmap_index = 5282, .adv_w = 249, .box_w = 15, .box_h = 19, .ofs_x = 0, .ofs_y = 0},
    {.bitmap_index = 5391, .adv_w = 231, .box_w = 12, .box_h = 19, .ofs_x = 1, .ofs_y = 0},
    {.bitmap_index = 5449, .adv_w = 231, .box_w = 12, .box_h = 19, .ofs_x = 1, .ofs_y = 0},
    {.bitmap_index = 5506, .adv_w = 213, .box_w = 14, .box_h = 19, .ofs_x = 0, .ofs_y = 0},
    {.bitmap_index = 5579, .adv_w = 178, .box_w = 11, .box_h = 15, .ofs_x = 0, .ofs_y = 0},
    {.bitmap_index = 5651, .adv_w = 178, .box_w = 11, .box_h = 15, .ofs_x = 0, .ofs_y = 0},
    {.bitmap_index = 5723, .adv_w = 178, .box_w = 11, .box_h = 15, .ofs_x = 0, .ofs_y = 0},
    {.bitmap_index = 5800, .adv_w = 178, .box_w = 11, .box_h = 15, .ofs_x = 0, .ofs_y = 0},
    {.bitmap_index = 5870, .adv_w = 178, .box_w = 11, .box_h = 15, .ofs_x = 0, .ofs_y = 0},
    {.bitmap_index = 5940, .adv_w = 89, .box_w = 5, .box_h = 15, .ofs_x = 0, .ofs_y = 0},
    {.bitmap_index = 5956, .adv_w = 89, .box_w = 5, .box_h = 15, .ofs_x = 1, .ofs_y = 0},
    {.bitmap_index = 5971, .adv_w = 178, .box_w = 11, .box_h = 15, .ofs_x = 0, .ofs_y = 0},
    {.bitmap_index = 6042, .adv_w = 178, .box_w = 11, .box_h = 15, .ofs_x = 0, .ofs_y = 0},
    {.bitmap_index = 6113, .adv_w = 178, .box_w = 11, .box_h = 15, .ofs_x = 0, .ofs_y = 0},
    {.bitmap_index = 6189, .adv_w = 178, .box_w = 9, .box_h = 15, .ofs_x = 1, .ofs_y = 0},
    {.bitmap_index = 6227, .adv_w = 178, .box_w = 9, .box_h = 15, .ofs_x = 1, .ofs_y = 0},
    {.bitmap_index = 6265, .adv_w = 160, .box_w = 10, .box_h = 19, .ofs_x = 0, .ofs_y = -4},
    {.bitmap_index = 6342, .adv_w = 213, .box_w = 15, .box_h = 19, .ofs_x = -1, .ofs_y = 0},
    {.bitmap_index = 6445, .adv_w = 178, .box_w = 11, .box_h = 15, .ofs_x = 0, .ofs_y = 0},
    {.bitmap_index = 6519, .adv_w = 231, .box_w = 15, .box_h = 15, .ofs_x = -1, .ofs_y = 0},
    {.bitmap_index = 6601, .adv_w = 178, .box_w = 12, .box_h = 15, .ofs_x = 0, .ofs_y = 0},
    {.bitmap_index = 6673, .adv_w = 89, .box_w = 7, .box_h = 19, .ofs_x = -1, .ofs_y = 0},
    {.bitmap_index = 6696, .adv_w = 89, .box_w = 8, .box_h = 15, .ofs_x = -1, .ofs_y = 0},
    {.bitmap_index = 6719, .adv_w = 231, .box_w = 12, .box_h = 19, .ofs_x = 1, .ofs_y = 0},
    {.bitmap_index = 6778, .adv_w = 178, .box_w = 9, .box_h = 15, .ofs_x = 1, .ofs_y = 0},
    {.bitmap_index = 6821, .adv_w = 210, .box_w = 13, .box_h = 11, .ofs_x = 0, .ofs_y = 0},
    {.bitmap_index = 6888, .adv_w = 214, .box_w = 12, .box_h = 11, .ofs_x = 1, .ofs_y = 0},
    {.bitmap_index = 6933, .adv_w = 213, .box_w = 15, .box_h = 19, .ofs_x = -1, .ofs_y = -4},
    {.bitmap_index = 7031, .adv_w = 178, .box_w = 11, .box_h = 15, .ofs_x = 0, .ofs_y = -4},
    {.bitmap_index = 7103, .adv_w = 213, .box_w = 15, .box_h = 19, .ofs_x = -1, .ofs_y = 0},
    {.bitmap_index = 7205, .adv_w = 178, .box_w = 11, .box_h = 16, .ofs_x = 0, .ofs_y = 0},
    {.bitmap_index = 7282, .adv_w = 213, .box_w = 15, .box_h = 19, .ofs_x = -1, .ofs_y = 0},
    {.bitmap_index = 7384, .adv_w = 178, .box_w = 11, .box_h = 19, .ofs_x = 0, .ofs_y = 0},
    {.bitmap_index = 7473, .adv_w = 213, .box_w = 15, .box_h = 19, .ofs_x = -1, .ofs_y = 0},
    {.bitmap_index = 7575, .adv_w = 178, .box_w = 11, .box_h = 19, .ofs_x = 0, .ofs_y = 0},
    {.bitmap_index = 7664, .adv_w = 213, .box_w = 15, .box_h = 19, .ofs_x = -1, .ofs_y = 0},
    {.bitmap_index = 7768, .adv_w = 178, .box_w = 11, .box_h = 19, .ofs_x = 0, .ofs_y = 0},
    {.bitmap_index = 7859, .adv_w = 213, .box_w = 15, .box_h = 19, .ofs_x = -1, .ofs_y = 0},
    {.bitmap_index = 7964, .adv_w = 178, .box_w = 11, .box_h = 19, .ofs_x = 0, .ofs_y = 0},
    {.bitmap_index = 8058, .adv_w = 213, .box_w = 15, .box_h = 21, .ofs_x = -1, .ofs_y = -4},
    {.bitmap_index = 8167, .adv_w = 178, .box_w = 11, .box_h = 19, .ofs_x = 0, .ofs_y = -4},
    {.bitmap_index = 8257, .adv_w = 213, .box_w = 15, .box_h = 19, .ofs_x = -1, .ofs_y = 0},
    {.bitmap_index = 8360, .adv_w = 178, .box_w = 11, .box_h = 19, .ofs_x = 0, .ofs_y = 0},
    {.bitmap_index = 8448, .adv_w = 213, .box_w = 15, .box_h = 19, .ofs_x = -1, .ofs_y = 0},
    {.bitmap_index = 8551, .adv_w = 178, .box_w = 11, .box_h = 19, .ofs_x = 0, .ofs_y = 0},
    {.bitmap_index = 8639, .adv_w = 213, .box_w = 15, .box_h = 19, .ofs_x = -1, .ofs_y = 0},
    {.bitmap_index = 8743, .adv_w = 178, .box_w = 11, .box_h = 19, .ofs_x = 0, .ofs_y = 0},
    {.bitmap_index = 8832, .adv_w = 213, .box_w = 15, .box_h = 19, .ofs_x = -1, .ofs_y = 0},
    {.bitmap_index = 8937, .adv_w = 178, .box_w = 11, .box_h = 19, .ofs_x = 0, .ofs_y = 0},
    {.bitmap_index = 9029, .adv_w = 213, .box_w = 15, .box_h = 21, .ofs_x = -1, .ofs_y = -4},
    {.bitmap_index = 9138, .adv_w = 178, .box_w = 11, .box_h = 19, .ofs_x = 0, .ofs_y = -4},
    {.bitmap_index = 9227, .adv_w = 213, .box_w = 12, .box_h = 19, .ofs_x = 1, .ofs_y = -4},
    {.bitmap_index = 9274, .adv_w = 178, .box_w = 11, .box_h = 15, .ofs_x = 0, .ofs_y = -4},
    {.bitmap_index = 9343, .adv_w = 213, .box_w = 12, .box_h = 19, .ofs_x = 1, .ofs_y = 0},
    {.bitmap_index = 9396, .adv_w = 178, .box_w = 11, .box_h = 16, .ofs_x = 0, .ofs_y = 0},
    {.bitmap_index = 9471, .adv_w = 213, .box_w = 12, .box_h = 19, .ofs_x = 1, .ofs_y = 0},
    {.bitmap_index = 9528, .adv_w = 178, .box_w = 11, .box_h = 15, .ofs_x = 0, .ofs_y = 0},
    {.bitmap_index = 9603, .adv_w = 213, .box_w = 12, .box_h = 19, .ofs_x = 1, .ofs_y = 0},
    {.bitmap_index = 9657, .adv_w = 178, .box_w = 11, .box_h = 19, .ofs_x = 0, .ofs_y = 0},
    {.bitmap_index = 9744, .adv_w = 213, .box_w = 12, .box_h = 19, .ofs_x = 1, .ofs_y = 0},
    {.bitmap_index = 9799, .adv_w = 178, .box_w = 11, .box_h = 19, .ofs_x = 0, .ofs_y = 0},
    {.bitmap_index = 9886, .adv_w = 213, .box_w = 12, .box_h = 19, .ofs_x = 1, .ofs_y = 0},
    {.bitmap_index = 9942, .adv_w = 178, .box_w = 11, .box_h = 19, .ofs_x = 0, .ofs_y = 0},
    {.bitmap_index = 10031, .adv_w = 213, .box_w = 12, .box_h = 19, .ofs_x = 1, .ofs_y = 0},
    {.bitmap_index = 10089, .adv_w = 178, .box_w = 11, .box_h = 19, .ofs_x = 0, .ofs_y = 0},
    {.bitmap_index = 10181, .adv_w = 213, .box_w = 12, .box_h = 21, .ofs_x = 1, .ofs_y = -4},
    {.bitmap_index = 10241, .adv_w = 178, .box_w = 11, .box_h = 19, .ofs_x = 0, .ofs_y = -4},
    {.bitmap_index = 10328, .adv_w = 89, .box_w = 6, .box_h = 19, .ofs_x = 0, .ofs_y = 0},
    {.bitmap_index = 10349, .adv_w = 71, .box_w = 5, .box_h = 16, .ofs_x = 0, .ofs_y = 0},
    {.bitmap_index = 10367, .adv_w = 89, .box_w = 3, .box_h = 19, .ofs_x = 1, .ofs_y = -4},
    {.bitmap_index = 10378, .adv_w = 71, .box_w = 3, .box_h = 19, .ofs_x = 1, .ofs_y = -4},
    {.bitmap_index = 10394, .adv_w = 249, .box_w = 15, .box_h = 19, .ofs_x = 0, .ofs_y = -4},
    {.bitmap_index = 10499, .adv_w = 178, .box_w = 11, .box_h = 15, .ofs_x = 0, .ofs_y = -4},
    {.bitmap_index = 10569, .adv_w = 249, .box_w = 15, .box_h = 19, .ofs_x = 0, .ofs_y = 0},
    {.bitmap_index = 10677, .adv_w = 178, .box_w = 11, .box_h = 16, .ofs_x = 0, .ofs_y = 0},
    {.bitmap_index = 10752, .adv_w = 249, .box_w = 15, .box_h = 19, .ofs_x = 0, .ofs_y = 0},
    {.bitmap_index = 10861, .adv_w = 178, .box_w = 11, .box_h = 19, .ofs_x = 0, .ofs_y = 0},
    {.bitmap_index = 10949, .adv_w = 249, .box_w = 15, .box_h = 19, .ofs_x = 0, .ofs_y = 0},
    {.bitmap_index = 11059, .adv_w = 178, .box_w = 11, .box_h = 19, .ofs_x = 0, .ofs_y = 0},
    {.bitmap_index = 11147, .adv_w = 249, .box_w = 15, .box_h = 19, .ofs_x = 0, .ofs_y = 0},
    {.bitmap_index = 11256, .adv_w = 178, .box_w = 11, .box_h = 19, .ofs_x = 0, .ofs_y = 0},
    {.bitmap_index = 11345, .adv_w = 249, .box_w = 15, .box_h = 19, .ofs_x = 0, .ofs_y = 0},
    {.bitmap_index = 11457, .adv_w = 178, .box_w = 11, .box_h = 19, .ofs_x = 0, .ofs_y = 0},
    {.bitmap_index = 11549, .adv_w = 249, .box_w = 15, .box_h = 21, .ofs_x = 0, .ofs_y = -4},
    {.bitmap_index = 11663, .adv_w = 178, .box_w = 11, .box_h = 19, .ofs_x = 0, .ofs_y = -4},
    {.bitmap_index = 11751, .adv_w = 274, .box_w = 17, .box_h = 19, .ofs_x = 0, .ofs_y = 0},
    {.bitmap_index = 11872, .adv_w = 210, .box_w = 13, .box_h = 15, .ofs_x = 0, .ofs_y = 0},
    {.bitmap_index = 11954, .adv_w = 274, .box_w = 17, .box_h = 19, .ofs_x = 0, .ofs_y = 0},
    {.bitmap_index = 12075, .adv_w = 210, .box_w = 13, .box_h = 15, .ofs_x = 0, .ofs_y = 0},
    {.bitmap_index = 12157, .adv_w = 274, .box_w = 17, .box_h = 19, .ofs_x = 0, .ofs_y = 0},
    {.bitmap_index = 12279, .adv_w = 210, .box_w = 13, .box_h = 16, .ofs_x = 0, .ofs_y = 0},
    {.bitmap_index = 12366, .adv_w = 274, .box_w = 17, .box_h = 19, .ofs_x = 0, .ofs_y = 0},
    {.bitmap_index = 12488, .adv_w = 210, .box_w = 13, .box_h = 15, .ofs_x = 0, .ofs_y = 0},
    {.bitmap_index = 12575, .adv_w = 274, .box_w = 17, .box_h = 19, .ofs_x = 0, .ofs_y = -4},
    {.bitmap_index = 12692, .adv_w = 210, .box_w = 13, .box_h = 15, .ofs_x = 0, .ofs_y = -4},
    {.bitmap_index = 12772, .adv_w = 231, .box_w = 12, .box_h = 19, .ofs_x = 1, .ofs_y = -4},
    {.bitmap_index = 12828, .adv_w = 178, .box_w = 9, .box_h = 15, .ofs_x = 1, .ofs_y = -4},
    {.bitmap_index = 12865, .adv_w = 231, .box_w = 12, .box_h = 19, .ofs_x = 1, .ofs_y = 0},
    {.bitmap_index = 12926, .adv_w = 178, .box_w = 9, .box_h = 16, .ofs_x = 1, .ofs_y = 0},
    {.bitmap_index = 12968, .adv_w = 273, .box_w = 16, .box_h = 19, .ofs_x = 1, .ofs_y = 0},
    {.bitmap_index = 13059, .adv_w = 214, .box_w = 12, .box_h = 15, .ofs_x = 1, .ofs_y = 0},
    {.bitmap_index = 13119, .adv_w = 273, .box_w = 16, .box_h = 19, .ofs_x = 1, .ofs_y = 0},
    {.bitmap_index = 13211, .adv_w = 214, .box_w = 12, .box_h = 15, .ofs_x = 1, .ofs_y = 0},
    {.bitmap_index = 13271, .adv_w = 273, .box_w = 16, .box_h = 19, .ofs_x = 1, .ofs_y = 0},
    {.bitmap_index = 13365, .adv_w = 214, .box_w = 12, .box_h = 16, .ofs_x = 1, .ofs_y = 0},
    {.bitmap_index = 13429, .adv_w = 273, .box_w = 16, .box_h = 19, .ofs_x = 1, .ofs_y = 0},
    {.bitmap_index = 13522, .adv_w = 214, .box_w = 12, .box_h = 15, .ofs_x = 1, .ofs_y = 0},
    {.bitmap_index = 13587, .adv_w = 273, .box_w = 16, .box_h = 19, .ofs_x = 1, .ofs_y = -4},
    {.bitmap_index = 13673, .adv_w = 214, .box_w = 12, .box_h = 15, .ofs_x = 1, .ofs_y = -4},
    {.bitmap_index = 13731, .adv_w = 213, .box_w = 14, .box_h = 19, .ofs_x = 0, .ofs_y = 0},
    {.bitmap_index = 13804, .adv_w = 160, .box_w = 10, .box_h = 19, .ofs_x = 0, .ofs_y = -4},
    {.bitmap_index = 13883, .adv_w = 213, .box_w = 14, .box_h = 19, .ofs_x = 0, .ofs_y = -4},
    {.bitmap_index = 13952, .adv_w = 160, .box_w = 10, .box_h = 15, .ofs_x = 0, .ofs_y = -4},
    {.bitmap_index = 14018, .adv_w = 213, .box_w = 14, .box_h = 19, .ofs_x = 0, .ofs_y = 0},
    {.bitmap_index = 14093, .adv_w = 160, .box_w = 10, .box_h = 20, .ofs_x = 0, .ofs_y = -4},
    {.bitmap_index = 14176, .adv_w = 213, .box_w = 14, .box_h = 19, .ofs_x = 0, .ofs_y = 0},
    {.bitmap_index = 14254, .adv_w = 160, .box_w = 10, .box_h = 19, .ofs_x = 0, .ofs_y = -4}
};

/*---------------------
 *  CHARACTER MAPPING
 *--------------------*/

static const uint16_t unicode_list_1[] = {
    0x0, 0x1, 0x3, 0x8, 0x9, 0xc, 0xd, 0x12,
    0x13, 0x15, 0x19, 0x1a, 0x1d, 0x20, 0x21, 0x23,
    0x28, 0x29, 0x2c, 0x2d, 0x32, 0x33, 0x35, 0x39,
    0x3a, 0x3d, 0x42, 0x43, 0x50, 0x51, 0x68, 0x69,
    0xa8, 0xa9, 0xe1, 0xf0
};

/*Collect the unicode lists and glyph_id offsets*/
static const lv_font_fmt_txt_cmap_t cmaps[] =
{
    {
        .range_start = 32, .range_length = 95, .glyph_id_start = 1,
        .unicode_list = NULL, .glyph_id_ofs_list = NULL, .list_length = 0, .type = LV_FONT_FMT_TXT_CMAP_FORMAT0_TINY
    },
    {
        .range_start = 192, .range_length = 241, .glyph_id_start = 96,
        .unicode_list = unicode_list_1, .glyph_id_ofs_list = NULL, .list_length = 36, .type = LV_FONT_FMT_TXT_CMAP_SPARSE_TINY
    },
    {
        .range_start = 7840, .range_length = 90, .glyph_id_start = 132,
        .unicode_list = NULL, .glyph_id_ofs_list = NULL, .list_length = 0, .type = LV_FONT_FMT_TXT_CMAP_FORMAT0_TINY
    }
};



/*--------------------
 *  ALL CUSTOM DATA
 *--------------------*/

#if LVGL_VERSION_MAJOR == 8
/*Store all the custom data of the font*/
static  lv_font_fmt_txt_glyph_cache_t cache;
#endif

#if LVGL_VERSION_MAJOR >= 8
static const lv_font_fmt_txt_dsc_t font_dsc = {
#else
static lv_font_fmt_txt_dsc_t font_dsc = {
#endif
    .glyph_bitmap = glyph_bitmap,
    .glyph_dsc = glyph_dsc,
    .cmaps = cmaps,
    .kern_dsc = NULL,
    .kern_scale = 0,
    .cmap_num = 3,
    .bpp = 4,
    .kern_classes = 0,
    .bitmap_format = 1,
#if LVGL_VERSION_MAJOR == 8
    .cache = &cache
#endif
};



/*-----------------
 *  PUBLIC FONT
 *----------------*/

/*Initialize a public general font descriptor*/
#if LVGL_VERSION_MAJOR >= 8
const lv_font_t lv_font_viet_20 = {
#else
lv_font_t lv_font_viet_20 = {
#endif
    .get_glyph_dsc = lv_font_get_glyph_dsc_fmt_txt,    /*Function pointer to get glyph's data*/
    .get_glyph_bitmap = lv_font_get_bitmap_fmt_txt,    /*Function pointer to get glyph's bitmap*/
    .line_height = 24,          /*The maximum line height required by the font*/
    .base_line = 5,             /*Baseline measured from the bottom of the line*/
#if !(LVGL_VERSION_MAJOR == 6 && LVGL_VERSION_MINOR == 0)
    .subpx = LV_FONT_SUBPX_NONE,
#endif
#if LV_VERSION_CHECK(7, 4, 0) || LVGL_VERSION_MAJOR >= 8
    .underline_position = -2,
    .underline_thickness = 1,
#endif
    .dsc = &font_dsc,          /*The custom font data. Will be accessed by `get_glyph_bitmap/dsc` */
#if LV_VERSION_CHECK(8, 2, 0) || LVGL_VERSION_MAJOR >= 9
    .fallback = NULL,
#endif
    .user_data = NULL,
};



#endif /*#if LV_FONT_VIET_20*/

